Number,Date/Time,Year,Month,Snow_day
1,1840-01,1840,1,none
2,1840-02,1840,2,none
3,1840-03,1840,3,none
4,1840-04,1840,4,none
5,1840-05,1840,5,none
6,1840-06,1840,6,none
7,1840-07,1840,7,none
8,1840-08,1840,8,none
9,1840-09,1840,9,none
10,1840-10,1840,10,none
11,1840-11,1840,11,none
12,1840-12,1840,12,none
13,1841-01,1841,1,none
14,1841-02,1841,2,none
15,1841-03,1841,3,none
16,1841-04,1841,4,none
17,1841-05,1841,5,none
18,1841-06,1841,6,none
19,1841-07,1841,7,none
20,1841-08,1841,8,none
21,1841-09,1841,9,none
22,1841-10,1841,10,none
23,1841-11,1841,11,none
24,1841-12,1841,12,none
25,1842-01,1842,1,none
26,1842-02,1842,2,none
27,1842-03,1842,3,none
28,1842-04,1842,4,none
29,1842-05,1842,5,none
30,1842-06,1842,6,none
31,1842-07,1842,7,none
32,1842-08,1842,8,none
33,1842-09,1842,9,none
34,1842-10,1842,10,none
35,1842-11,1842,11,none
36,1842-12,1842,12,none
37,1843-01,1843,1,snow
38,1843-02,1843,2,snow
39,1843-03,1843,3,snow
40,1843-04,1843,4,snow
41,1843-05,1843,5,none
42,1843-06,1843,6,none
43,1843-07,1843,7,none
44,1843-08,1843,8,none
45,1843-09,1843,9,none
46,1843-10,1843,10,snow
47,1843-11,1843,11,snow
48,1843-12,1843,12,snow
49,1844-01,1844,1,snow
50,1844-02,1844,2,snow
51,1844-03,1844,3,snow
52,1844-04,1844,4,none
53,1844-05,1844,5,none
54,1844-06,1844,6,none
55,1844-07,1844,7,none
56,1844-08,1844,8,none
57,1844-09,1844,9,none
58,1844-10,1844,10,snow
59,1844-11,1844,11,snow
60,1844-12,1844,12,snow
61,1845-01,1845,1,snow
62,1845-02,1845,2,snow
63,1845-03,1845,3,snow
64,1845-04,1845,4,snow
65,1845-05,1845,5,none
66,1845-06,1845,6,none
67,1845-07,1845,7,none
68,1845-08,1845,8,none
69,1845-09,1845,9,none
70,1845-10,1845,10,none
71,1845-11,1845,11,snow
72,1845-12,1845,12,snow
73,1846-01,1846,1,snow
74,1846-02,1846,2,snow
75,1846-03,1846,3,snow
76,1846-04,1846,4,snow
77,1846-05,1846,5,none
78,1846-06,1846,6,none
79,1846-07,1846,7,none
80,1846-08,1846,8,none
81,1846-09,1846,9,none
82,1846-10,1846,10,none
83,1846-11,1846,11,snow
84,1846-12,1846,12,snow
85,1847-01,1847,1,snow
86,1847-02,1847,2,snow
87,1847-03,1847,3,snow
88,1847-04,1847,4,snow
89,1847-05,1847,5,none
90,1847-06,1847,6,none
91,1847-07,1847,7,none
92,1847-08,1847,8,none
93,1847-09,1847,9,none
94,1847-10,1847,10,none
95,1847-11,1847,11,none
96,1847-12,1847,12,snow
97,1848-01,1848,1,snow
98,1848-02,1848,2,snow
99,1848-03,1848,3,snow
100,1848-04,1848,4,snow
101,1848-05,1848,5,none
102,1848-06,1848,6,none
103,1848-07,1848,7,none
104,1848-08,1848,8,none
105,1848-09,1848,9,none
106,1848-10,1848,10,none
107,1848-11,1848,11,snow
108,1848-12,1848,12,snow
109,1849-01,1849,1,snow
110,1849-02,1849,2,snow
111,1849-03,1849,3,snow
112,1849-04,1849,4,snow
113,1849-05,1849,5,none
114,1849-06,1849,6,none
115,1849-07,1849,7,none
116,1849-08,1849,8,none
117,1849-09,1849,9,none
118,1849-10,1849,10,none
119,1849-11,1849,11,snow
120,1849-12,1849,12,snow
121,1850-01,1850,1,snow
122,1850-02,1850,2,snow
123,1850-03,1850,3,snow
124,1850-04,1850,4,snow
125,1850-05,1850,5,none
126,1850-06,1850,6,none
127,1850-07,1850,7,none
128,1850-08,1850,8,none
129,1850-09,1850,9,none
130,1850-10,1850,10,none
131,1850-11,1850,11,none
132,1850-12,1850,12,snow
133,1851-01,1851,1,snow
134,1851-02,1851,2,snow
135,1851-03,1851,3,snow
136,1851-04,1851,4,snow
137,1851-05,1851,5,snow
138,1851-06,1851,6,none
139,1851-07,1851,7,none
140,1851-08,1851,8,none
141,1851-09,1851,9,none
142,1851-10,1851,10,snow
143,1851-11,1851,11,snow
144,1851-12,1851,12,snow
145,1852-01,1852,1,snow
146,1852-02,1852,2,snow
147,1852-03,1852,3,snow
148,1852-04,1852,4,snow
149,1852-05,1852,5,none
150,1852-06,1852,6,none
151,1852-07,1852,7,none
152,1852-08,1852,8,none
153,1852-09,1852,9,none
154,1852-10,1852,10,none
155,1852-11,1852,11,snow
156,1852-12,1852,12,snow
157,1853-01,1853,1,snow
158,1853-02,1853,2,snow
159,1853-03,1853,3,snow
160,1853-04,1853,4,snow
161,1853-05,1853,5,none
162,1853-06,1853,6,none
163,1853-07,1853,7,none
164,1853-08,1853,8,none
165,1853-09,1853,9,none
166,1853-10,1853,10,none
167,1853-11,1853,11,snow
168,1853-12,1853,12,snow
169,1854-01,1854,1,snow
170,1854-02,1854,2,snow
171,1854-03,1854,3,snow
172,1854-04,1854,4,snow
173,1854-05,1854,5,none
174,1854-06,1854,6,none
175,1854-07,1854,7,none
176,1854-08,1854,8,none
177,1854-09,1854,9,none
178,1854-10,1854,10,none
179,1854-11,1854,11,snow
180,1854-12,1854,12,snow
181,1855-01,1855,1,snow
182,1855-02,1855,2,snow
183,1855-03,1855,3,snow
184,1855-04,1855,4,snow
185,1855-05,1855,5,snow
186,1855-06,1855,6,none
187,1855-07,1855,7,none
188,1855-08,1855,8,none
189,1855-09,1855,9,none
190,1855-10,1855,10,snow
191,1855-11,1855,11,snow
192,1855-12,1855,12,snow
193,1856-01,1856,1,snow
194,1856-02,1856,2,snow
195,1856-03,1856,3,snow
196,1856-04,1856,4,snow
197,1856-05,1856,5,none
198,1856-06,1856,6,none
199,1856-07,1856,7,none
200,1856-08,1856,8,none
201,1856-09,1856,9,none
202,1856-10,1856,10,snow
203,1856-11,1856,11,snow
204,1856-12,1856,12,snow
205,1857-01,1857,1,snow
206,1857-02,1857,2,snow
207,1857-03,1857,3,snow
208,1857-04,1857,4,snow
209,1857-05,1857,5,none
210,1857-06,1857,6,none
211,1857-07,1857,7,none
212,1857-08,1857,8,none
213,1857-09,1857,9,none
214,1857-10,1857,10,snow
215,1857-11,1857,11,snow
216,1857-12,1857,12,snow
217,1858-01,1858,1,snow
218,1858-02,1858,2,snow
219,1858-03,1858,3,snow
220,1858-04,1858,4,snow
221,1858-05,1858,5,none
222,1858-06,1858,6,none
223,1858-07,1858,7,none
224,1858-08,1858,8,none
225,1858-09,1858,9,none
226,1858-10,1858,10,none
227,1858-11,1858,11,snow
228,1858-12,1858,12,snow
229,1859-01,1859,1,snow
230,1859-02,1859,2,snow
231,1859-03,1859,3,snow
232,1859-04,1859,4,snow
233,1859-05,1859,5,none
234,1859-06,1859,6,none
235,1859-07,1859,7,none
236,1859-08,1859,8,none
237,1859-09,1859,9,none
238,1859-10,1859,10,none
239,1859-11,1859,11,snow
240,1859-12,1859,12,snow
241,1860-01,1860,1,snow
242,1860-02,1860,2,snow
243,1860-03,1860,3,snow
244,1860-04,1860,4,snow
245,1860-05,1860,5,none
246,1860-06,1860,6,none
247,1860-07,1860,7,none
248,1860-08,1860,8,none
249,1860-09,1860,9,none
250,1860-10,1860,10,none
251,1860-11,1860,11,snow
252,1860-12,1860,12,snow
253,1861-01,1861,1,snow
254,1861-02,1861,2,snow
255,1861-03,1861,3,snow
256,1861-04,1861,4,snow
257,1861-05,1861,5,snow
258,1861-06,1861,6,none
259,1861-07,1861,7,none
260,1861-08,1861,8,none
261,1861-09,1861,9,none
262,1861-10,1861,10,none
263,1861-11,1861,11,snow
264,1861-12,1861,12,snow
265,1862-01,1862,1,snow
266,1862-02,1862,2,snow
267,1862-03,1862,3,snow
268,1862-04,1862,4,snow
269,1862-05,1862,5,none
270,1862-06,1862,6,none
271,1862-07,1862,7,none
272,1862-08,1862,8,none
273,1862-09,1862,9,none
274,1862-10,1862,10,snow
275,1862-11,1862,11,snow
276,1862-12,1862,12,snow
277,1863-01,1863,1,snow
278,1863-02,1863,2,snow
279,1863-03,1863,3,snow
280,1863-04,1863,4,snow
281,1863-05,1863,5,snow
282,1863-06,1863,6,none
283,1863-07,1863,7,none
284,1863-08,1863,8,none
285,1863-09,1863,9,none
286,1863-10,1863,10,none
287,1863-11,1863,11,snow
288,1863-12,1863,12,snow
289,1864-01,1864,1,snow
290,1864-02,1864,2,snow
291,1864-03,1864,3,snow
292,1864-04,1864,4,snow
293,1864-05,1864,5,none
294,1864-06,1864,6,none
295,1864-07,1864,7,none
296,1864-08,1864,8,none
297,1864-09,1864,9,none
298,1864-10,1864,10,none
299,1864-11,1864,11,snow
300,1864-12,1864,12,snow
301,1865-01,1865,1,snow
302,1865-02,1865,2,snow
303,1865-03,1865,3,snow
304,1865-04,1865,4,snow
305,1865-05,1865,5,none
306,1865-06,1865,6,none
307,1865-07,1865,7,none
308,1865-08,1865,8,none
309,1865-09,1865,9,none
310,1865-10,1865,10,snow
311,1865-11,1865,11,snow
312,1865-12,1865,12,snow
313,1866-01,1866,1,snow
314,1866-02,1866,2,snow
315,1866-03,1866,3,snow
316,1866-04,1866,4,none
317,1866-05,1866,5,none
318,1866-06,1866,6,none
319,1866-07,1866,7,none
320,1866-08,1866,8,none
321,1866-09,1866,9,none
322,1866-10,1866,10,none
323,1866-11,1866,11,snow
324,1866-12,1866,12,snow
325,1867-01,1867,1,snow
326,1867-02,1867,2,snow
327,1867-03,1867,3,snow
328,1867-04,1867,4,snow
329,1867-05,1867,5,none
330,1867-06,1867,6,none
331,1867-07,1867,7,none
332,1867-08,1867,8,none
333,1867-09,1867,9,none
334,1867-10,1867,10,none
335,1867-11,1867,11,snow
336,1867-12,1867,12,snow
337,1868-01,1868,1,snow
338,1868-02,1868,2,snow
339,1868-03,1868,3,snow
340,1868-04,1868,4,snow
341,1868-05,1868,5,none
342,1868-06,1868,6,none
343,1868-07,1868,7,none
344,1868-08,1868,8,none
345,1868-09,1868,9,none
346,1868-10,1868,10,snow
347,1868-11,1868,11,snow
348,1868-12,1868,12,snow
349,1869-01,1869,1,snow
350,1869-02,1869,2,snow
351,1869-03,1869,3,snow
352,1869-04,1869,4,snow
353,1869-05,1869,5,none
354,1869-06,1869,6,none
355,1869-07,1869,7,none
356,1869-08,1869,8,none
357,1869-09,1869,9,none
358,1869-10,1869,10,snow
359,1869-11,1869,11,snow
360,1869-12,1869,12,snow
361,1870-01,1870,1,snow
362,1870-02,1870,2,snow
363,1870-03,1870,3,snow
364,1870-04,1870,4,snow
365,1870-05,1870,5,none
366,1870-06,1870,6,none
367,1870-07,1870,7,none
368,1870-08,1870,8,none
369,1870-09,1870,9,none
370,1870-10,1870,10,none
371,1870-11,1870,11,snow
372,1870-12,1870,12,snow
373,1871-01,1871,1,snow
374,1871-02,1871,2,snow
375,1871-03,1871,3,snow
376,1871-04,1871,4,snow
377,1871-05,1871,5,none
378,1871-06,1871,6,none
379,1871-07,1871,7,none
380,1871-08,1871,8,none
381,1871-09,1871,9,none
382,1871-10,1871,10,none
383,1871-11,1871,11,snow
384,1871-12,1871,12,snow
385,1872-01,1872,1,snow
386,1872-02,1872,2,snow
387,1872-03,1872,3,snow
388,1872-04,1872,4,snow
389,1872-05,1872,5,none
390,1872-06,1872,6,none
391,1872-07,1872,7,none
392,1872-08,1872,8,none
393,1872-09,1872,9,none
394,1872-10,1872,10,none
395,1872-11,1872,11,snow
396,1872-12,1872,12,snow
397,1873-01,1873,1,snow
398,1873-02,1873,2,snow
399,1873-03,1873,3,snow
400,1873-04,1873,4,none
401,1873-05,1873,5,none
402,1873-06,1873,6,none
403,1873-07,1873,7,none
404,1873-08,1873,8,none
405,1873-09,1873,9,none
406,1873-10,1873,10,snow
407,1873-11,1873,11,snow
408,1873-12,1873,12,snow
409,1874-01,1874,1,snow
410,1874-02,1874,2,snow
411,1874-03,1874,3,snow
412,1874-04,1874,4,snow
413,1874-05,1874,5,none
414,1874-06,1874,6,none
415,1874-07,1874,7,none
416,1874-08,1874,8,none
417,1874-09,1874,9,none
418,1874-10,1874,10,none
419,1874-11,1874,11,snow
420,1874-12,1874,12,snow
421,1875-01,1875,1,snow
422,1875-02,1875,2,snow
423,1875-03,1875,3,snow
424,1875-04,1875,4,snow
425,1875-05,1875,5,snow
426,1875-06,1875,6,none
427,1875-07,1875,7,none
428,1875-08,1875,8,none
429,1875-09,1875,9,none
430,1875-10,1875,10,snow
431,1875-11,1875,11,snow
432,1875-12,1875,12,snow
433,1876-01,1876,1,snow
434,1876-02,1876,2,snow
435,1876-03,1876,3,snow
436,1876-04,1876,4,snow
437,1876-05,1876,5,none
438,1876-06,1876,6,none
439,1876-07,1876,7,none
440,1876-08,1876,8,none
441,1876-09,1876,9,none
442,1876-10,1876,10,snow
443,1876-11,1876,11,snow
444,1876-12,1876,12,snow
445,1877-01,1877,1,snow
446,1877-02,1877,2,snow
447,1877-03,1877,3,snow
448,1877-04,1877,4,none
449,1877-05,1877,5,none
450,1877-06,1877,6,none
451,1877-07,1877,7,none
452,1877-08,1877,8,none
453,1877-09,1877,9,none
454,1877-10,1877,10,none
455,1877-11,1877,11,snow
456,1877-12,1877,12,snow
457,1878-01,1878,1,snow
458,1878-02,1878,2,snow
459,1878-03,1878,3,snow
460,1878-04,1878,4,none
461,1878-05,1878,5,none
462,1878-06,1878,6,none
463,1878-07,1878,7,none
464,1878-08,1878,8,none
465,1878-09,1878,9,none
466,1878-10,1878,10,none
467,1878-11,1878,11,snow
468,1878-12,1878,12,snow
469,1879-01,1879,1,snow
470,1879-02,1879,2,snow
471,1879-03,1879,3,snow
472,1879-04,1879,4,snow
473,1879-05,1879,5,none
474,1879-06,1879,6,none
475,1879-07,1879,7,none
476,1879-08,1879,8,none
477,1879-09,1879,9,none
478,1879-10,1879,10,snow
479,1879-11,1879,11,snow
480,1879-12,1879,12,snow
481,1880-01,1880,1,snow
482,1880-02,1880,2,snow
483,1880-03,1880,3,snow
484,1880-04,1880,4,snow
485,1880-05,1880,5,none
486,1880-06,1880,6,none
487,1880-07,1880,7,none
488,1880-08,1880,8,none
489,1880-09,1880,9,none
490,1880-10,1880,10,snow
491,1880-11,1880,11,snow
492,1880-12,1880,12,snow
493,1881-01,1881,1,snow
494,1881-02,1881,2,snow
495,1881-03,1881,3,snow
496,1881-04,1881,4,snow
497,1881-05,1881,5,none
498,1881-06,1881,6,none
499,1881-07,1881,7,none
500,1881-08,1881,8,none
501,1881-09,1881,9,none
502,1881-10,1881,10,none
503,1881-11,1881,11,snow
504,1881-12,1881,12,snow
505,1882-01,1882,1,snow
506,1882-02,1882,2,snow
507,1882-03,1882,3,snow
508,1882-04,1882,4,snow
509,1882-05,1882,5,none
510,1882-06,1882,6,none
511,1882-07,1882,7,none
512,1882-08,1882,8,none
513,1882-09,1882,9,none
514,1882-10,1882,10,none
515,1882-11,1882,11,snow
516,1882-12,1882,12,snow
517,1883-01,1883,1,snow
518,1883-02,1883,2,snow
519,1883-03,1883,3,snow
520,1883-04,1883,4,snow
521,1883-05,1883,5,none
522,1883-06,1883,6,none
523,1883-07,1883,7,none
524,1883-08,1883,8,none
525,1883-09,1883,9,none
526,1883-10,1883,10,none
527,1883-11,1883,11,snow
528,1883-12,1883,12,snow
529,1884-01,1884,1,snow
530,1884-02,1884,2,snow
531,1884-03,1884,3,snow
532,1884-04,1884,4,snow
533,1884-05,1884,5,snow
534,1884-06,1884,6,none
535,1884-07,1884,7,none
536,1884-08,1884,8,none
537,1884-09,1884,9,none
538,1884-10,1884,10,snow
539,1884-11,1884,11,snow
540,1884-12,1884,12,snow
541,1885-01,1885,1,snow
542,1885-02,1885,2,snow
543,1885-03,1885,3,snow
544,1885-04,1885,4,snow
545,1885-05,1885,5,snow
546,1885-06,1885,6,none
547,1885-07,1885,7,none
548,1885-08,1885,8,none
549,1885-09,1885,9,none
550,1885-10,1885,10,snow
551,1885-11,1885,11,snow
552,1885-12,1885,12,snow
553,1886-01,1886,1,snow
554,1886-02,1886,2,snow
555,1886-03,1886,3,snow
556,1886-04,1886,4,snow
557,1886-05,1886,5,none
558,1886-06,1886,6,none
559,1886-07,1886,7,none
560,1886-08,1886,8,none
561,1886-09,1886,9,none
562,1886-10,1886,10,none
563,1886-11,1886,11,snow
564,1886-12,1886,12,snow
565,1887-01,1887,1,snow
566,1887-02,1887,2,snow
567,1887-03,1887,3,snow
568,1887-04,1887,4,snow
569,1887-05,1887,5,none
570,1887-06,1887,6,none
571,1887-07,1887,7,none
572,1887-08,1887,8,none
573,1887-09,1887,9,none
574,1887-10,1887,10,snow
575,1887-11,1887,11,snow
576,1887-12,1887,12,snow
577,1888-01,1888,1,snow
578,1888-02,1888,2,snow
579,1888-03,1888,3,snow
580,1888-04,1888,4,snow
581,1888-05,1888,5,snow
582,1888-06,1888,6,none
583,1888-07,1888,7,none
584,1888-08,1888,8,none
585,1888-09,1888,9,none
586,1888-10,1888,10,snow
587,1888-11,1888,11,snow
588,1888-12,1888,12,snow
589,1889-01,1889,1,snow
590,1889-02,1889,2,snow
591,1889-03,1889,3,snow
592,1889-04,1889,4,snow
593,1889-05,1889,5,none
594,1889-06,1889,6,none
595,1889-07,1889,7,none
596,1889-08,1889,8,none
597,1889-09,1889,9,none
598,1889-10,1889,10,snow
599,1889-11,1889,11,snow
600,1889-12,1889,12,snow
601,1890-01,1890,1,snow
602,1890-02,1890,2,snow
603,1890-03,1890,3,snow
604,1890-04,1890,4,snow
605,1890-05,1890,5,none
606,1890-06,1890,6,none
607,1890-07,1890,7,none
608,1890-08,1890,8,none
609,1890-09,1890,9,none
610,1890-10,1890,10,none
611,1890-11,1890,11,snow
612,1890-12,1890,12,snow
613,1891-01,1891,1,snow
614,1891-02,1891,2,snow
615,1891-03,1891,3,snow
616,1891-04,1891,4,snow
617,1891-05,1891,5,snow
618,1891-06,1891,6,none
619,1891-07,1891,7,none
620,1891-08,1891,8,none
621,1891-09,1891,9,none
622,1891-10,1891,10,none
623,1891-11,1891,11,snow
624,1891-12,1891,12,snow
625,1892-01,1892,1,snow
626,1892-02,1892,2,snow
627,1892-03,1892,3,snow
628,1892-04,1892,4,snow
629,1892-05,1892,5,none
630,1892-06,1892,6,none
631,1892-07,1892,7,none
632,1892-08,1892,8,none
633,1892-09,1892,9,none
634,1892-10,1892,10,none
635,1892-11,1892,11,snow
636,1892-12,1892,12,snow
637,1893-01,1893,1,snow
638,1893-02,1893,2,snow
639,1893-03,1893,3,snow
640,1893-04,1893,4,snow
641,1893-05,1893,5,none
642,1893-06,1893,6,none
643,1893-07,1893,7,none
644,1893-08,1893,8,none
645,1893-09,1893,9,none
646,1893-10,1893,10,none
647,1893-11,1893,11,snow
648,1893-12,1893,12,snow
649,1894-01,1894,1,snow
650,1894-02,1894,2,snow
651,1894-03,1894,3,snow
652,1894-04,1894,4,snow
653,1894-05,1894,5,none
654,1894-06,1894,6,none
655,1894-07,1894,7,none
656,1894-08,1894,8,none
657,1894-09,1894,9,none
658,1894-10,1894,10,none
659,1894-11,1894,11,snow
660,1894-12,1894,12,snow
661,1895-01,1895,1,snow
662,1895-02,1895,2,snow
663,1895-03,1895,3,snow
664,1895-04,1895,4,snow
665,1895-05,1895,5,none
666,1895-06,1895,6,none
667,1895-07,1895,7,none
668,1895-08,1895,8,none
669,1895-09,1895,9,none
670,1895-10,1895,10,snow
671,1895-11,1895,11,snow
672,1895-12,1895,12,snow
673,1896-01,1896,1,snow
674,1896-02,1896,2,snow
675,1896-03,1896,3,snow
676,1896-04,1896,4,snow
677,1896-05,1896,5,none
678,1896-06,1896,6,none
679,1896-07,1896,7,none
680,1896-08,1896,8,none
681,1896-09,1896,9,none
682,1896-10,1896,10,snow
683,1896-11,1896,11,snow
684,1896-12,1896,12,snow
685,1897-01,1897,1,snow
686,1897-02,1897,2,snow
687,1897-03,1897,3,snow
688,1897-04,1897,4,snow
689,1897-05,1897,5,none
690,1897-06,1897,6,none
691,1897-07,1897,7,none
692,1897-08,1897,8,none
693,1897-09,1897,9,none
694,1897-10,1897,10,none
695,1897-11,1897,11,snow
696,1897-12,1897,12,snow
697,1898-01,1898,1,snow
698,1898-02,1898,2,snow
699,1898-03,1898,3,none
700,1898-04,1898,4,snow
701,1898-05,1898,5,none
702,1898-06,1898,6,none
703,1898-07,1898,7,none
704,1898-08,1898,8,none
705,1898-09,1898,9,none
706,1898-10,1898,10,none
707,1898-11,1898,11,snow
708,1898-12,1898,12,snow
709,1899-01,1899,1,snow
710,1899-02,1899,2,snow
711,1899-03,1899,3,snow
712,1899-04,1899,4,snow
713,1899-05,1899,5,none
714,1899-06,1899,6,none
715,1899-07,1899,7,none
716,1899-08,1899,8,none
717,1899-09,1899,9,none
718,1899-10,1899,10,none
719,1899-11,1899,11,snow
720,1899-12,1899,12,snow
721,1900-01,1900,1,snow
722,1900-02,1900,2,snow
723,1900-03,1900,3,snow
724,1900-04,1900,4,none
725,1900-05,1900,5,none
726,1900-06,1900,6,none
727,1900-07,1900,7,none
728,1900-08,1900,8,none
729,1900-09,1900,9,none
730,1900-10,1900,10,none
731,1900-11,1900,11,snow
732,1900-12,1900,12,snow
733,1901-01,1901,1,snow
734,1901-02,1901,2,snow
735,1901-03,1901,3,snow
736,1901-04,1901,4,snow
737,1901-05,1901,5,none
738,1901-06,1901,6,none
739,1901-07,1901,7,none
740,1901-08,1901,8,none
741,1901-09,1901,9,none
742,1901-10,1901,10,none
743,1901-11,1901,11,snow
744,1901-12,1901,12,snow
745,1902-01,1902,1,snow
746,1902-02,1902,2,snow
747,1902-03,1902,3,snow
748,1902-04,1902,4,snow
749,1902-05,1902,5,none
750,1902-06,1902,6,none
751,1902-07,1902,7,none
752,1902-08,1902,8,none
753,1902-09,1902,9,none
754,1902-10,1902,10,none
755,1902-11,1902,11,snow
756,1902-12,1902,12,snow
757,1903-01,1903,1,snow
758,1903-02,1903,2,snow
759,1903-03,1903,3,snow
760,1903-04,1903,4,snow
761,1903-05,1903,5,snow
762,1903-06,1903,6,none
763,1903-07,1903,7,none
764,1903-08,1903,8,none
765,1903-09,1903,9,none
766,1903-10,1903,10,snow
767,1903-11,1903,11,snow
768,1903-12,1903,12,snow
769,1904-01,1904,1,snow
770,1904-02,1904,2,snow
771,1904-03,1904,3,snow
772,1904-04,1904,4,snow
773,1904-05,1904,5,none
774,1904-06,1904,6,none
775,1904-07,1904,7,none
776,1904-08,1904,8,none
777,1904-09,1904,9,none
778,1904-10,1904,10,snow
779,1904-11,1904,11,snow
780,1904-12,1904,12,snow
781,1905-01,1905,1,snow
782,1905-02,1905,2,snow
783,1905-03,1905,3,snow
784,1905-04,1905,4,snow
785,1905-05,1905,5,none
786,1905-06,1905,6,none
787,1905-07,1905,7,none
788,1905-08,1905,8,none
789,1905-09,1905,9,none
790,1905-10,1905,10,none
791,1905-11,1905,11,snow
792,1905-12,1905,12,snow
793,1906-01,1906,1,snow
794,1906-02,1906,2,snow
795,1906-03,1906,3,snow
796,1906-04,1906,4,snow
797,1906-05,1906,5,none
798,1906-06,1906,6,none
799,1906-07,1906,7,none
800,1906-08,1906,8,none
801,1906-09,1906,9,none
802,1906-10,1906,10,snow
803,1906-11,1906,11,snow
804,1906-12,1906,12,snow
805,1907-01,1907,1,snow
806,1907-02,1907,2,snow
807,1907-03,1907,3,snow
808,1907-04,1907,4,snow
809,1907-05,1907,5,snow
810,1907-06,1907,6,none
811,1907-07,1907,7,none
812,1907-08,1907,8,none
813,1907-09,1907,9,none
814,1907-10,1907,10,none
815,1907-11,1907,11,snow
816,1907-12,1907,12,snow
817,1908-01,1908,1,snow
818,1908-02,1908,2,snow
819,1908-03,1908,3,snow
820,1908-04,1908,4,snow
821,1908-05,1908,5,snow
822,1908-06,1908,6,none
823,1908-07,1908,7,none
824,1908-08,1908,8,none
825,1908-09,1908,9,none
826,1908-10,1908,10,none
827,1908-11,1908,11,snow
828,1908-12,1908,12,snow
829,1909-01,1909,1,snow
830,1909-02,1909,2,snow
831,1909-03,1909,3,snow
832,1909-04,1909,4,snow
833,1909-05,1909,5,snow
834,1909-06,1909,6,none
835,1909-07,1909,7,none
836,1909-08,1909,8,none
837,1909-09,1909,9,none
838,1909-10,1909,10,snow
839,1909-11,1909,11,snow
840,1909-12,1909,12,snow
841,1910-01,1910,1,snow
842,1910-02,1910,2,snow
843,1910-03,1910,3,snow
844,1910-04,1910,4,snow
845,1910-05,1910,5,none
846,1910-06,1910,6,none
847,1910-07,1910,7,none
848,1910-08,1910,8,none
849,1910-09,1910,9,none
850,1910-10,1910,10,none
851,1910-11,1910,11,snow
852,1910-12,1910,12,snow
853,1911-01,1911,1,snow
854,1911-02,1911,2,snow
855,1911-03,1911,3,snow
856,1911-04,1911,4,snow
857,1911-05,1911,5,snow
858,1911-06,1911,6,none
859,1911-07,1911,7,none
860,1911-08,1911,8,none
861,1911-09,1911,9,none
862,1911-10,1911,10,snow
863,1911-11,1911,11,snow
864,1911-12,1911,12,snow
865,1912-01,1912,1,snow
866,1912-02,1912,2,snow
867,1912-03,1912,3,snow
868,1912-04,1912,4,snow
869,1912-05,1912,5,snow
870,1912-06,1912,6,none
871,1912-07,1912,7,none
872,1912-08,1912,8,none
873,1912-09,1912,9,none
874,1912-10,1912,10,none
875,1912-11,1912,11,snow
876,1912-12,1912,12,snow
877,1913-01,1913,1,snow
878,1913-02,1913,2,snow
879,1913-03,1913,3,snow
880,1913-04,1913,4,snow
881,1913-05,1913,5,none
882,1913-06,1913,6,none
883,1913-07,1913,7,none
884,1913-08,1913,8,none
885,1913-09,1913,9,none
886,1913-10,1913,10,none
887,1913-11,1913,11,snow
888,1913-12,1913,12,snow
889,1914-01,1914,1,snow
890,1914-02,1914,2,snow
891,1914-03,1914,3,snow
892,1914-04,1914,4,snow
893,1914-05,1914,5,none
894,1914-06,1914,6,none
895,1914-07,1914,7,none
896,1914-08,1914,8,none
897,1914-09,1914,9,none
898,1914-10,1914,10,none
899,1914-11,1914,11,snow
900,1914-12,1914,12,snow
901,1915-01,1915,1,snow
902,1915-02,1915,2,snow
903,1915-03,1915,3,snow
904,1915-04,1915,4,snow
905,1915-05,1915,5,none
906,1915-06,1915,6,none
907,1915-07,1915,7,none
908,1915-08,1915,8,none
909,1915-09,1915,9,none
910,1915-10,1915,10,none
911,1915-11,1915,11,snow
912,1915-12,1915,12,snow
913,1916-01,1916,1,snow
914,1916-02,1916,2,snow
915,1916-03,1916,3,snow
916,1916-04,1916,4,snow
917,1916-05,1916,5,none
918,1916-06,1916,6,none
919,1916-07,1916,7,none
920,1916-08,1916,8,none
921,1916-09,1916,9,none
922,1916-10,1916,10,none
923,1916-11,1916,11,snow
924,1916-12,1916,12,snow
925,1917-01,1917,1,snow
926,1917-02,1917,2,snow
927,1917-03,1917,3,snow
928,1917-04,1917,4,snow
929,1917-05,1917,5,none
930,1917-06,1917,6,none
931,1917-07,1917,7,none
932,1917-08,1917,8,none
933,1917-09,1917,9,none
934,1917-10,1917,10,snow
935,1917-11,1917,11,snow
936,1917-12,1917,12,snow
937,1918-01,1918,1,snow
938,1918-02,1918,2,snow
939,1918-03,1918,3,snow
940,1918-04,1918,4,snow
941,1918-05,1918,5,none
942,1918-06,1918,6,none
943,1918-07,1918,7,none
944,1918-08,1918,8,none
945,1918-09,1918,9,none
946,1918-10,1918,10,none
947,1918-11,1918,11,snow
948,1918-12,1918,12,snow
949,1919-01,1919,1,snow
950,1919-02,1919,2,snow
951,1919-03,1919,3,snow
952,1919-04,1919,4,snow
953,1919-05,1919,5,none
954,1919-06,1919,6,none
955,1919-07,1919,7,none
956,1919-08,1919,8,none
957,1919-09,1919,9,none
958,1919-10,1919,10,none
959,1919-11,1919,11,snow
960,1919-12,1919,12,snow
961,1920-01,1920,1,snow
962,1920-02,1920,2,snow
963,1920-03,1920,3,snow
964,1920-04,1920,4,snow
965,1920-05,1920,5,none
966,1920-06,1920,6,none
967,1920-07,1920,7,none
968,1920-08,1920,8,none
969,1920-09,1920,9,none
970,1920-10,1920,10,snow
971,1920-11,1920,11,snow
972,1920-12,1920,12,snow
973,1921-01,1921,1,snow
974,1921-02,1921,2,snow
975,1921-03,1921,3,snow
976,1921-04,1921,4,snow
977,1921-05,1921,5,none
978,1921-06,1921,6,none
979,1921-07,1921,7,none
980,1921-08,1921,8,none
981,1921-09,1921,9,none
982,1921-10,1921,10,none
983,1921-11,1921,11,snow
984,1921-12,1921,12,snow
985,1922-01,1922,1,snow
986,1922-02,1922,2,snow
987,1922-03,1922,3,snow
988,1922-04,1922,4,snow
989,1922-05,1922,5,none
990,1922-06,1922,6,none
991,1922-07,1922,7,none
992,1922-08,1922,8,none
993,1922-09,1922,9,none
994,1922-10,1922,10,none
995,1922-11,1922,11,snow
996,1922-12,1922,12,snow
997,1923-01,1923,1,snow
998,1923-02,1923,2,snow
999,1923-03,1923,3,snow
1000,1923-04,1923,4,snow
1001,1923-05,1923,5,snow
1002,1923-06,1923,6,none
1003,1923-07,1923,7,none
1004,1923-08,1923,8,none
1005,1923-09,1923,9,none
1006,1923-10,1923,10,snow
1007,1923-11,1923,11,snow
1008,1923-12,1923,12,snow
1009,1924-01,1924,1,snow
1010,1924-02,1924,2,snow
1011,1924-03,1924,3,snow
1012,1924-04,1924,4,snow
1013,1924-05,1924,5,none
1014,1924-06,1924,6,none
1015,1924-07,1924,7,none
1016,1924-08,1924,8,none
1017,1924-09,1924,9,none
1018,1924-10,1924,10,none
1019,1924-11,1924,11,snow
1020,1924-12,1924,12,snow
1021,1925-01,1925,1,snow
1022,1925-02,1925,2,snow
1023,1925-03,1925,3,snow
1024,1925-04,1925,4,snow
1025,1925-05,1925,5,none
1026,1925-06,1925,6,none
1027,1925-07,1925,7,none
1028,1925-08,1925,8,none
1029,1925-09,1925,9,none
1030,1925-10,1925,10,snow
1031,1925-11,1925,11,snow
1032,1925-12,1925,12,snow
1033,1926-01,1926,1,snow
1034,1926-02,1926,2,snow
1035,1926-03,1926,3,snow
1036,1926-04,1926,4,snow
1037,1926-05,1926,5,none
1038,1926-06,1926,6,none
1039,1926-07,1926,7,none
1040,1926-08,1926,8,none
1041,1926-09,1926,9,none
1042,1926-10,1926,10,snow
1043,1926-11,1926,11,snow
1044,1926-12,1926,12,snow
1045,1927-01,1927,1,snow
1046,1927-02,1927,2,snow
1047,1927-03,1927,3,snow
1048,1927-04,1927,4,snow
1049,1927-05,1927,5,none
1050,1927-06,1927,6,none
1051,1927-07,1927,7,none
1052,1927-08,1927,8,none
1053,1927-09,1927,9,none
1054,1927-10,1927,10,none
1055,1927-11,1927,11,snow
1056,1927-12,1927,12,snow
1057,1928-01,1928,1,snow
1058,1928-02,1928,2,snow
1059,1928-03,1928,3,snow
1060,1928-04,1928,4,snow
1061,1928-05,1928,5,none
1062,1928-06,1928,6,none
1063,1928-07,1928,7,none
1064,1928-08,1928,8,none
1065,1928-09,1928,9,none
1066,1928-10,1928,10,none
1067,1928-11,1928,11,snow
1068,1928-12,1928,12,snow
1069,1929-01,1929,1,snow
1070,1929-02,1929,2,snow
1071,1929-03,1929,3,snow
1072,1929-04,1929,4,snow
1073,1929-05,1929,5,snow
1074,1929-06,1929,6,none
1075,1929-07,1929,7,none
1076,1929-08,1929,8,none
1077,1929-09,1929,9,none
1078,1929-10,1929,10,none
1079,1929-11,1929,11,snow
1080,1929-12,1929,12,snow
1081,1930-01,1930,1,snow
1082,1930-02,1930,2,snow
1083,1930-03,1930,3,snow
1084,1930-04,1930,4,snow
1085,1930-05,1930,5,none
1086,1930-06,1930,6,none
1087,1930-07,1930,7,none
1088,1930-08,1930,8,none
1089,1930-09,1930,9,none
1090,1930-10,1930,10,snow
1091,1930-11,1930,11,snow
1092,1930-12,1930,12,snow
1093,1931-01,1931,1,snow
1094,1931-02,1931,2,snow
1095,1931-03,1931,3,snow
1096,1931-04,1931,4,snow
1097,1931-05,1931,5,none
1098,1931-06,1931,6,none
1099,1931-07,1931,7,none
1100,1931-08,1931,8,none
1101,1931-09,1931,9,none
1102,1931-10,1931,10,none
1103,1931-11,1931,11,snow
1104,1931-12,1931,12,snow
1105,1932-01,1932,1,snow
1106,1932-02,1932,2,snow
1107,1932-03,1932,3,snow
1108,1932-04,1932,4,snow
1109,1932-05,1932,5,none
1110,1932-06,1932,6,none
1111,1932-07,1932,7,none
1112,1932-08,1932,8,none
1113,1932-09,1932,9,none
1114,1932-10,1932,10,snow
1115,1932-11,1932,11,snow
1116,1932-12,1932,12,snow
1117,1933-01,1933,1,snow
1118,1933-02,1933,2,snow
1119,1933-03,1933,3,snow
1120,1933-04,1933,4,snow
1121,1933-05,1933,5,none
1122,1933-06,1933,6,none
1123,1933-07,1933,7,none
1124,1933-08,1933,8,none
1125,1933-09,1933,9,none
1126,1933-10,1933,10,none
1127,1933-11,1933,11,snow
1128,1933-12,1933,12,snow
1129,1934-01,1934,1,snow
1130,1934-02,1934,2,snow
1131,1934-03,1934,3,snow
1132,1934-04,1934,4,snow
1133,1934-05,1934,5,none
1134,1934-06,1934,6,none
1135,1934-07,1934,7,none
1136,1934-08,1934,8,none
1137,1934-09,1934,9,none
1138,1934-10,1934,10,snow
1139,1934-11,1934,11,none
1140,1934-12,1934,12,snow
1141,1935-01,1935,1,snow
1142,1935-02,1935,2,snow
1143,1935-03,1935,3,snow
1144,1935-04,1935,4,snow
1145,1935-05,1935,5,none
1146,1935-06,1935,6,none
1147,1935-07,1935,7,none
1148,1935-08,1935,8,none
1149,1935-09,1935,9,none
1150,1935-10,1935,10,none
1151,1935-11,1935,11,snow
1152,1935-12,1935,12,snow
1153,1936-01,1936,1,snow
1154,1936-02,1936,2,snow
1155,1936-03,1936,3,snow
1156,1936-04,1936,4,snow
1157,1936-05,1936,5,none
1158,1936-06,1936,6,none
1159,1936-07,1936,7,none
1160,1936-08,1936,8,none
1161,1936-09,1936,9,none
1162,1936-10,1936,10,snow
1163,1936-11,1936,11,snow
1164,1936-12,1936,12,snow
1165,1937-01,1937,1,snow
1166,1937-02,1937,2,snow
1167,1937-03,1937,3,snow
1168,1937-04,1937,4,snow
1169,1937-05,1937,5,none
1170,1937-06,1937,6,none
1171,1937-07,1937,7,none
1172,1937-08,1937,8,none
1173,1937-09,1937,9,none
1174,1937-10,1937,10,snow
1175,1937-11,1937,11,none
1176,1937-12,1937,12,snow
1177,1938-01,1938,1,snow
1178,1938-02,1938,2,snow
1179,1938-03,1938,3,snow
1180,1938-04,1938,4,snow
1181,1938-05,1938,5,none
1182,1938-06,1938,6,none
1183,1938-07,1938,7,none
1184,1938-08,1938,8,none
1185,1938-09,1938,9,none
1186,1938-10,1938,10,none
1187,1938-11,1938,11,snow
1188,1938-12,1938,12,snow
1189,1939-01,1939,1,snow
1190,1939-02,1939,2,snow
1191,1939-03,1939,3,snow
1192,1939-04,1939,4,snow
1193,1939-05,1939,5,none
1194,1939-06,1939,6,none
1195,1939-07,1939,7,none
1196,1939-08,1939,8,none
1197,1939-09,1939,9,none
1198,1939-10,1939,10,none
1199,1939-11,1939,11,none
1200,1939-12,1939,12,snow
1201,1940-01,1940,1,snow
1202,1940-02,1940,2,snow
1203,1940-03,1940,3,snow
1204,1940-04,1940,4,snow
1205,1940-05,1940,5,none
1206,1940-06,1940,6,none
1207,1940-07,1940,7,none
1208,1940-08,1940,8,none
1209,1940-09,1940,9,none
1210,1940-10,1940,10,none
1211,1940-11,1940,11,snow
1212,1940-12,1940,12,snow
1213,1941-01,1941,1,snow
1214,1941-02,1941,2,snow
1215,1941-03,1941,3,snow
1216,1941-04,1941,4,none
1217,1941-05,1941,5,none
1218,1941-06,1941,6,none
1219,1941-07,1941,7,none
1220,1941-08,1941,8,none
1221,1941-09,1941,9,none
1222,1941-10,1941,10,none
1223,1941-11,1941,11,none
1224,1941-12,1941,12,snow
1225,1942-01,1942,1,snow
1226,1942-02,1942,2,snow
1227,1942-03,1942,3,snow
1228,1942-04,1942,4,snow
1229,1942-05,1942,5,none
1230,1942-06,1942,6,none
1231,1942-07,1942,7,none
1232,1942-08,1942,8,none
1233,1942-09,1942,9,none
1234,1942-10,1942,10,none
1235,1942-11,1942,11,snow
1236,1942-12,1942,12,snow
1237,1943-01,1943,1,snow
1238,1943-02,1943,2,snow
1239,1943-03,1943,3,snow
1240,1943-04,1943,4,snow
1241,1943-05,1943,5,none
1242,1943-06,1943,6,none
1243,1943-07,1943,7,none
1244,1943-08,1943,8,none
1245,1943-09,1943,9,none
1246,1943-10,1943,10,none
1247,1943-11,1943,11,snow
1248,1943-12,1943,12,snow
1249,1944-01,1944,1,snow
1250,1944-02,1944,2,snow
1251,1944-03,1944,3,snow
1252,1944-04,1944,4,snow
1253,1944-05,1944,5,none
1254,1944-06,1944,6,none
1255,1944-07,1944,7,none
1256,1944-08,1944,8,none
1257,1944-09,1944,9,none
1258,1944-10,1944,10,none
1259,1944-11,1944,11,snow
1260,1944-12,1944,12,snow
1261,1945-01,1945,1,snow
1262,1945-02,1945,2,snow
1263,1945-03,1945,3,snow
1264,1945-04,1945,4,snow
1265,1945-05,1945,5,none
1266,1945-06,1945,6,none
1267,1945-07,1945,7,none
1268,1945-08,1945,8,none
1269,1945-09,1945,9,none
1270,1945-10,1945,10,none
1271,1945-11,1945,11,snow
1272,1945-12,1945,12,snow
1273,1946-01,1946,1,snow
1274,1946-02,1946,2,snow
1275,1946-03,1946,3,snow
1276,1946-04,1946,4,snow
1277,1946-05,1946,5,none
1278,1946-06,1946,6,none
1279,1946-07,1946,7,none
1280,1946-08,1946,8,none
1281,1946-09,1946,9,none
1282,1946-10,1946,10,none
1283,1946-11,1946,11,snow
1284,1946-12,1946,12,snow
1285,1947-01,1947,1,snow
1286,1947-02,1947,2,snow
1287,1947-03,1947,3,snow
1288,1947-04,1947,4,snow
1289,1947-05,1947,5,snow
1290,1947-06,1947,6,none
1291,1947-07,1947,7,none
1292,1947-08,1947,8,none
1293,1947-09,1947,9,none
1294,1947-10,1947,10,none
1295,1947-11,1947,11,snow
1296,1947-12,1947,12,snow
1297,1948-01,1948,1,snow
1298,1948-02,1948,2,snow
1299,1948-03,1948,3,snow
1300,1948-04,1948,4,snow
1301,1948-05,1948,5,none
1302,1948-06,1948,6,none
1303,1948-07,1948,7,none
1304,1948-08,1948,8,none
1305,1948-09,1948,9,none
1306,1948-10,1948,10,none
1307,1948-11,1948,11,none
1308,1948-12,1948,12,snow
1309,1949-01,1949,1,snow
1310,1949-02,1949,2,snow
1311,1949-03,1949,3,snow
1312,1949-04,1949,4,snow
1313,1949-05,1949,5,none
1314,1949-06,1949,6,none
1315,1949-07,1949,7,none
1316,1949-08,1949,8,none
1317,1949-09,1949,9,none
1318,1949-10,1949,10,none
1319,1949-11,1949,11,snow
1320,1949-12,1949,12,snow
1321,1950-01,1950,1,snow
1322,1950-02,1950,2,snow
1323,1950-03,1950,3,snow
1324,1950-04,1950,4,snow
1325,1950-05,1950,5,none
1326,1950-06,1950,6,none
1327,1950-07,1950,7,none
1328,1950-08,1950,8,none
1329,1950-09,1950,9,none
1330,1950-10,1950,10,none
1331,1950-11,1950,11,snow
1332,1950-12,1950,12,snow
1333,1951-01,1951,1,snow
1334,1951-02,1951,2,snow
1335,1951-03,1951,3,snow
1336,1951-04,1951,4,none
1337,1951-05,1951,5,none
1338,1951-06,1951,6,none
1339,1951-07,1951,7,none
1340,1951-08,1951,8,none
1341,1951-09,1951,9,none
1342,1951-10,1951,10,none
1343,1951-11,1951,11,snow
1344,1951-12,1951,12,snow
1345,1952-01,1952,1,snow
1346,1952-02,1952,2,snow
1347,1952-03,1952,3,snow
1348,1952-04,1952,4,snow
1349,1952-05,1952,5,none
1350,1952-06,1952,6,none
1351,1952-07,1952,7,none
1352,1952-08,1952,8,none
1353,1952-09,1952,9,none
1354,1952-10,1952,10,snow
1355,1952-11,1952,11,none
1356,1952-12,1952,12,snow
1357,1953-01,1953,1,snow
1358,1953-02,1953,2,snow
1359,1953-03,1953,3,snow
1360,1953-04,1953,4,none
1361,1953-05,1953,5,none
1362,1953-06,1953,6,none
1363,1953-07,1953,7,none
1364,1953-08,1953,8,none
1365,1953-09,1953,9,none
1366,1953-10,1953,10,none
1367,1953-11,1953,11,snow
1368,1953-12,1953,12,snow
1369,1954-01,1954,1,snow
1370,1954-02,1954,2,snow
1371,1954-03,1954,3,snow
1372,1954-04,1954,4,none
1373,1954-05,1954,5,none
1374,1954-06,1954,6,none
1375,1954-07,1954,7,none
1376,1954-08,1954,8,none
1377,1954-09,1954,9,none
1378,1954-10,1954,10,none
1379,1954-11,1954,11,snow
1380,1954-12,1954,12,snow
1381,1955-01,1955,1,snow
1382,1955-02,1955,2,snow
1383,1955-03,1955,3,snow
1384,1955-04,1955,4,none
1385,1955-05,1955,5,none
1386,1955-06,1955,6,none
1387,1955-07,1955,7,none
1388,1955-08,1955,8,none
1389,1955-09,1955,9,none
1390,1955-10,1955,10,none
1391,1955-11,1955,11,snow
1392,1955-12,1955,12,snow
1393,1956-01,1956,1,snow
1394,1956-02,1956,2,snow
1395,1956-03,1956,3,snow
1396,1956-04,1956,4,snow
1397,1956-05,1956,5,none
1398,1956-06,1956,6,none
1399,1956-07,1956,7,none
1400,1956-08,1956,8,none
1401,1956-09,1956,9,none
1402,1956-10,1956,10,none
1403,1956-11,1956,11,snow
1404,1956-12,1956,12,snow
1405,1957-01,1957,1,snow
1406,1957-02,1957,2,snow
1407,1957-03,1957,3,snow
1408,1957-04,1957,4,snow
1409,1957-05,1957,5,none
1410,1957-06,1957,6,none
1411,1957-07,1957,7,none
1412,1957-08,1957,8,none
1413,1957-09,1957,9,none
1414,1957-10,1957,10,none
1415,1957-11,1957,11,snow
1416,1957-12,1957,12,snow
1417,1958-01,1958,1,snow
1418,1958-02,1958,2,snow
1419,1958-03,1958,3,snow
1420,1958-04,1958,4,snow
1421,1958-05,1958,5,none
1422,1958-06,1958,6,none
1423,1958-07,1958,7,none
1424,1958-08,1958,8,none
1425,1958-09,1958,9,none
1426,1958-10,1958,10,none
1427,1958-11,1958,11,snow
1428,1958-12,1958,12,snow
1429,1959-01,1959,1,snow
1430,1959-02,1959,2,snow
1431,1959-03,1959,3,snow
1432,1959-04,1959,4,none
1433,1959-05,1959,5,snow
1434,1959-06,1959,6,none
1435,1959-07,1959,7,none
1436,1959-08,1959,8,none
1437,1959-09,1959,9,none
1438,1959-10,1959,10,none
1439,1959-11,1959,11,snow
1440,1959-12,1959,12,snow
1441,1960-01,1960,1,snow
1442,1960-02,1960,2,snow
1443,1960-03,1960,3,snow
1444,1960-04,1960,4,snow
1445,1960-05,1960,5,none
1446,1960-06,1960,6,none
1447,1960-07,1960,7,none
1448,1960-08,1960,8,none
1449,1960-09,1960,9,none
1450,1960-10,1960,10,none
1451,1960-11,1960,11,snow
1452,1960-12,1960,12,snow
1453,1961-01,1961,1,snow
1454,1961-02,1961,2,snow
1455,1961-03,1961,3,snow
1456,1961-04,1961,4,snow
1457,1961-05,1961,5,none
1458,1961-06,1961,6,none
1459,1961-07,1961,7,none
1460,1961-08,1961,8,none
1461,1961-09,1961,9,none
1462,1961-10,1961,10,none
1463,1961-11,1961,11,snow
1464,1961-12,1961,12,snow
1465,1962-01,1962,1,snow
1466,1962-02,1962,2,snow
1467,1962-03,1962,3,snow
1468,1962-04,1962,4,snow
1469,1962-05,1962,5,none
1470,1962-06,1962,6,none
1471,1962-07,1962,7,none
1472,1962-08,1962,8,none
1473,1962-09,1962,9,none
1474,1962-10,1962,10,snow
1475,1962-11,1962,11,snow
1476,1962-12,1962,12,snow
1477,1963-01,1963,1,snow
1478,1963-02,1963,2,snow
1479,1963-03,1963,3,snow
1480,1963-04,1963,4,snow
1481,1963-05,1963,5,snow
1482,1963-06,1963,6,none
1483,1963-07,1963,7,none
1484,1963-08,1963,8,none
1485,1963-09,1963,9,none
1486,1963-10,1963,10,none
1487,1963-11,1963,11,snow
1488,1963-12,1963,12,snow
1489,1964-01,1964,1,snow
1490,1964-02,1964,2,snow
1491,1964-03,1964,3,snow
1492,1964-04,1964,4,snow
1493,1964-05,1964,5,none
1494,1964-06,1964,6,none
1495,1964-07,1964,7,none
1496,1964-08,1964,8,none
1497,1964-09,1964,9,none
1498,1964-10,1964,10,none
1499,1964-11,1964,11,snow
1500,1964-12,1964,12,snow
1501,1965-01,1965,1,snow
1502,1965-02,1965,2,snow
1503,1965-03,1965,3,snow
1504,1965-04,1965,4,snow
1505,1965-05,1965,5,none
1506,1965-06,1965,6,none
1507,1965-07,1965,7,none
1508,1965-08,1965,8,none
1509,1965-09,1965,9,none
1510,1965-10,1965,10,snow
1511,1965-11,1965,11,snow
1512,1965-12,1965,12,snow
1513,1966-01,1966,1,snow
1514,1966-02,1966,2,snow
1515,1966-03,1966,3,snow
1516,1966-04,1966,4,snow
1517,1966-05,1966,5,snow
1518,1966-06,1966,6,none
1519,1966-07,1966,7,none
1520,1966-08,1966,8,none
1521,1966-09,1966,9,none
1522,1966-10,1966,10,none
1523,1966-11,1966,11,snow
1524,1966-12,1966,12,snow
1525,1967-01,1967,1,snow
1526,1967-02,1967,2,snow
1527,1967-03,1967,3,snow
1528,1967-04,1967,4,snow
1529,1967-05,1967,5,snow
1530,1967-06,1967,6,none
1531,1967-07,1967,7,none
1532,1967-08,1967,8,none
1533,1967-09,1967,9,none
1534,1967-10,1967,10,none
1535,1967-11,1967,11,snow
1536,1967-12,1967,12,snow
1537,1968-01,1968,1,snow
1538,1968-02,1968,2,snow
1539,1968-03,1968,3,snow
1540,1968-04,1968,4,none
1541,1968-05,1968,5,none
1542,1968-06,1968,6,none
1543,1968-07,1968,7,none
1544,1968-08,1968,8,none
1545,1968-09,1968,9,none
1546,1968-10,1968,10,none
1547,1968-11,1968,11,snow
1548,1968-12,1968,12,snow
1549,1969-01,1969,1,snow
1550,1969-02,1969,2,snow
1551,1969-03,1969,3,snow
1552,1969-04,1969,4,none
1553,1969-05,1969,5,none
1554,1969-06,1969,6,none
1555,1969-07,1969,7,none
1556,1969-08,1969,8,none
1557,1969-09,1969,9,none
1558,1969-10,1969,10,snow
1559,1969-11,1969,11,snow
1560,1969-12,1969,12,snow
1561,1970-01,1970,1,snow
1562,1970-02,1970,2,snow
1563,1970-03,1970,3,snow
1564,1970-04,1970,4,snow
1565,1970-05,1970,5,none
1566,1970-06,1970,6,none
1567,1970-07,1970,7,none
1568,1970-08,1970,8,none
1569,1970-09,1970,9,none
1570,1970-10,1970,10,none
1571,1970-11,1970,11,snow
1572,1970-12,1970,12,snow
1573,1971-01,1971,1,snow
1574,1971-02,1971,2,snow
1575,1971-03,1971,3,snow
1576,1971-04,1971,4,snow
1577,1971-05,1971,5,none
1578,1971-06,1971,6,none
1579,1971-07,1971,7,none
1580,1971-08,1971,8,none
1581,1971-09,1971,9,none
1582,1971-10,1971,10,none
1583,1971-11,1971,11,snow
1584,1971-12,1971,12,snow
1585,1972-01,1972,1,snow
1586,1972-02,1972,2,snow
1587,1972-03,1972,3,snow
1588,1972-04,1972,4,snow
1589,1972-05,1972,5,none
1590,1972-06,1972,6,none
1591,1972-07,1972,7,none
1592,1972-08,1972,8,none
1593,1972-09,1972,9,none
1594,1972-10,1972,10,none
1595,1972-11,1972,11,snow
1596,1972-12,1972,12,snow
1597,1973-01,1973,1,snow
1598,1973-02,1973,2,snow
1599,1973-03,1973,3,snow
1600,1973-04,1973,4,snow
1601,1973-05,1973,5,none
1602,1973-06,1973,6,none
1603,1973-07,1973,7,none
1604,1973-08,1973,8,none
1605,1973-09,1973,9,none
1606,1973-10,1973,10,none
1607,1973-11,1973,11,snow
1608,1973-12,1973,12,snow
1609,1974-01,1974,1,snow
1610,1974-02,1974,2,snow
1611,1974-03,1974,3,snow
1612,1974-04,1974,4,snow
1613,1974-05,1974,5,none
1614,1974-06,1974,6,none
1615,1974-07,1974,7,none
1616,1974-08,1974,8,none
1617,1974-09,1974,9,none
1618,1974-10,1974,10,none
1619,1974-11,1974,11,snow
1620,1974-12,1974,12,snow
1621,1975-01,1975,1,snow
1622,1975-02,1975,2,snow
1623,1975-03,1975,3,snow
1624,1975-04,1975,4,snow
1625,1975-05,1975,5,none
1626,1975-06,1975,6,none
1627,1975-07,1975,7,none
1628,1975-08,1975,8,none
1629,1975-09,1975,9,none
1630,1975-10,1975,10,none
1631,1975-11,1975,11,snow
1632,1975-12,1975,12,snow
1633,1976-01,1976,1,snow
1634,1976-02,1976,2,snow
1635,1976-03,1976,3,snow
1636,1976-04,1976,4,snow
1637,1976-05,1976,5,none
1638,1976-06,1976,6,none
1639,1976-07,1976,7,none
1640,1976-08,1976,8,none
1641,1976-09,1976,9,none
1642,1976-10,1976,10,none
1643,1976-11,1976,11,snow
1644,1976-12,1976,12,snow
1645,1977-01,1977,1,snow
1646,1977-02,1977,2,snow
1647,1977-03,1977,3,snow
1648,1977-04,1977,4,snow
1649,1977-05,1977,5,none
1650,1977-06,1977,6,none
1651,1977-07,1977,7,none
1652,1977-08,1977,8,none
1653,1977-09,1977,9,none
1654,1977-10,1977,10,none
1655,1977-11,1977,11,snow
1656,1977-12,1977,12,snow
1657,1978-01,1978,1,snow
1658,1978-02,1978,2,snow
1659,1978-03,1978,3,snow
1660,1978-04,1978,4,snow
1661,1978-05,1978,5,none
1662,1978-06,1978,6,none
1663,1978-07,1978,7,none
1664,1978-08,1978,8,none
1665,1978-09,1978,9,none
1666,1978-10,1978,10,none
1667,1978-11,1978,11,snow
1668,1978-12,1978,12,snow
1669,1979-01,1979,1,snow
1670,1979-02,1979,2,snow
1671,1979-03,1979,3,snow
1672,1979-04,1979,4,snow
1673,1979-05,1979,5,none
1674,1979-06,1979,6,none
1675,1979-07,1979,7,none
1676,1979-08,1979,8,none
1677,1979-09,1979,9,none
1678,1979-10,1979,10,none
1679,1979-11,1979,11,snow
1680,1979-12,1979,12,snow
1681,1980-01,1980,1,snow
1682,1980-02,1980,2,snow
1683,1980-03,1980,3,snow
1684,1980-04,1980,4,snow
1685,1980-05,1980,5,none
1686,1980-06,1980,6,none
1687,1980-07,1980,7,none
1688,1980-08,1980,8,none
1689,1980-09,1980,9,none
1690,1980-10,1980,10,none
1691,1980-11,1980,11,snow
1692,1980-12,1980,12,snow
1693,1981-01,1981,1,snow
1694,1981-02,1981,2,snow
1695,1981-03,1981,3,snow
1696,1981-04,1981,4,none
1697,1981-05,1981,5,none
1698,1981-06,1981,6,none
1699,1981-07,1981,7,none
1700,1981-08,1981,8,none
1701,1981-09,1981,9,none
1702,1981-10,1981,10,none
1703,1981-11,1981,11,none
1704,1981-12,1981,12,snow
1705,1982-01,1982,1,snow
1706,1982-02,1982,2,snow
1707,1982-03,1982,3,snow
1708,1982-04,1982,4,snow
1709,1982-05,1982,5,none
1710,1982-06,1982,6,none
1711,1982-07,1982,7,none
1712,1982-08,1982,8,none
1713,1982-09,1982,9,none
1714,1982-10,1982,10,none
1715,1982-11,1982,11,snow
1716,1982-12,1982,12,snow
1717,1983-01,1983,1,snow
1718,1983-02,1983,2,snow
1719,1983-03,1983,3,snow
1720,1983-04,1983,4,snow
1721,1983-05,1983,5,none
1722,1983-06,1983,6,none
1723,1983-07,1983,7,none
1724,1983-08,1983,8,none
1725,1983-09,1983,9,none
1726,1983-10,1983,10,none
1727,1983-11,1983,11,snow
1728,1983-12,1983,12,snow
1729,1984-01,1984,1,snow
1730,1984-02,1984,2,snow
1731,1984-03,1984,3,snow
1732,1984-04,1984,4,none
1733,1984-05,1984,5,none
1734,1984-06,1984,6,none
1735,1984-07,1984,7,none
1736,1984-08,1984,8,none
1737,1984-09,1984,9,none
1738,1984-10,1984,10,none
1739,1984-11,1984,11,snow
1740,1984-12,1984,12,snow
1741,1985-01,1985,1,snow
1742,1985-02,1985,2,snow
1743,1985-03,1985,3,snow
1744,1985-04,1985,4,snow
1745,1985-05,1985,5,none
1746,1985-06,1985,6,none
1747,1985-07,1985,7,none
1748,1985-08,1985,8,none
1749,1985-09,1985,9,none
1750,1985-10,1985,10,none
1751,1985-11,1985,11,snow
1752,1985-12,1985,12,snow
1753,1986-01,1986,1,snow
1754,1986-02,1986,2,snow
1755,1986-03,1986,3,snow
1756,1986-04,1986,4,snow
1757,1986-05,1986,5,none
1758,1986-06,1986,6,none
1759,1986-07,1986,7,none
1760,1986-08,1986,8,none
1761,1986-09,1986,9,none
1762,1986-10,1986,10,none
1763,1986-11,1986,11,snow
1764,1986-12,1986,12,snow
1765,1987-01,1987,1,snow
1766,1987-02,1987,2,snow
1767,1987-03,1987,3,snow
1768,1987-04,1987,4,snow
1769,1987-05,1987,5,none
1770,1987-06,1987,6,none
1771,1987-07,1987,7,none
1772,1987-08,1987,8,none
1773,1987-09,1987,9,none
1774,1987-10,1987,10,none
1775,1987-11,1987,11,snow
1776,1987-12,1987,12,snow
1777,1988-01,1988,1,snow
1778,1988-02,1988,2,snow
1779,1988-03,1988,3,snow
1780,1988-04,1988,4,none
1781,1988-05,1988,5,none
1782,1988-06,1988,6,none
1783,1988-07,1988,7,none
1784,1988-08,1988,8,none
1785,1988-09,1988,9,none
1786,1988-10,1988,10,none
1787,1988-11,1988,11,none
1788,1988-12,1988,12,snow
1789,1989-01,1989,1,snow
1790,1989-02,1989,2,snow
1791,1989-03,1989,3,snow
1792,1989-04,1989,4,snow
1793,1989-05,1989,5,none
1794,1989-06,1989,6,none
1795,1989-07,1989,7,none
1796,1989-08,1989,8,none
1797,1989-09,1989,9,none
1798,1989-10,1989,10,snow
1799,1989-11,1989,11,snow
1800,1989-12,1989,12,snow
1801,1990-01,1990,1,snow
1802,1990-02,1990,2,snow
1803,1990-03,1990,3,snow
1804,1990-04,1990,4,snow
1805,1990-05,1990,5,none
1806,1990-06,1990,6,none
1807,1990-07,1990,7,none
1808,1990-08,1990,8,none
1809,1990-09,1990,9,none
1810,1990-10,1990,10,none
1811,1990-11,1990,11,snow
1812,1990-12,1990,12,snow
1813,1991-01,1991,1,snow
1814,1991-02,1991,2,snow
1815,1991-03,1991,3,snow
1816,1991-04,1991,4,snow
1817,1991-05,1991,5,none
1818,1991-06,1991,6,none
1819,1991-07,1991,7,none
1820,1991-08,1991,8,none
1821,1991-09,1991,9,none
1822,1991-10,1991,10,none
1823,1991-11,1991,11,snow
1824,1991-12,1991,12,snow
1825,1992-01,1992,1,snow
1826,1992-02,1992,2,snow
1827,1992-03,1992,3,snow
1828,1992-04,1992,4,snow
1829,1992-05,1992,5,none
1830,1992-06,1992,6,none
1831,1992-07,1992,7,none
1832,1992-08,1992,8,none
1833,1992-09,1992,9,none
1834,1992-10,1992,10,none
1835,1992-11,1992,11,snow
1836,1992-12,1992,12,snow
1837,1993-01,1993,1,snow
1838,1993-02,1993,2,snow
1839,1993-03,1993,3,snow
1840,1993-04,1993,4,snow
1841,1993-05,1993,5,none
1842,1993-06,1993,6,none
1843,1993-07,1993,7,none
1844,1993-08,1993,8,none
1845,1993-09,1993,9,none
1846,1993-10,1993,10,none
1847,1993-11,1993,11,snow
1848,1993-12,1993,12,snow
1849,1994-01,1994,1,snow
1850,1994-02,1994,2,snow
1851,1994-03,1994,3,snow
1852,1994-04,1994,4,snow
1853,1994-05,1994,5,none
1854,1994-06,1994,6,none
1855,1994-07,1994,7,none
1856,1994-08,1994,8,none
1857,1994-09,1994,9,none
1858,1994-10,1994,10,none
1859,1994-11,1994,11,snow
1860,1994-12,1994,12,snow
1861,1995-01,1995,1,snow
1862,1995-02,1995,2,snow
1863,1995-03,1995,3,snow
1864,1995-04,1995,4,snow
1865,1995-05,1995,5,none
1866,1995-06,1995,6,none
1867,1995-07,1995,7,none
1868,1995-08,1995,8,none
1869,1995-09,1995,9,none
1870,1995-10,1995,10,none
1871,1995-11,1995,11,snow
1872,1995-12,1995,12,snow
1873,1996-01,1996,1,snow
1874,1996-02,1996,2,snow
1875,1996-03,1996,3,snow
1876,1996-04,1996,4,snow
1877,1996-05,1996,5,none
1878,1996-06,1996,6,none
1879,1996-07,1996,7,none
1880,1996-08,1996,8,none
1881,1996-09,1996,9,none
1882,1996-10,1996,10,none
1883,1996-11,1996,11,snow
1884,1996-12,1996,12,snow
1885,1997-01,1997,1,snow
1886,1997-02,1997,2,snow
1887,1997-03,1997,3,snow
1888,1997-04,1997,4,snow
1889,1997-05,1997,5,none
1890,1997-06,1997,6,none
1891,1997-07,1997,7,none
1892,1997-08,1997,8,none
1893,1997-09,1997,9,none
1894,1997-10,1997,10,snow
1895,1997-11,1997,11,snow
1896,1997-12,1997,12,snow
1897,1998-01,1998,1,snow
1898,1998-02,1998,2,snow
1899,1998-03,1998,3,snow
1900,1998-04,1998,4,none
1901,1998-05,1998,5,none
1902,1998-06,1998,6,none
1903,1998-07,1998,7,none
1904,1998-08,1998,8,none
1905,1998-09,1998,9,none
1906,1998-10,1998,10,none
1907,1998-11,1998,11,none
1908,1998-12,1998,12,snow
1909,1999-01,1999,1,snow
1910,1999-02,1999,2,snow
1911,1999-03,1999,3,snow
1912,1999-04,1999,4,snow
1913,1999-05,1999,5,none
1914,1999-06,1999,6,none
1915,1999-07,1999,7,none
1916,1999-08,1999,8,none
1917,1999-09,1999,9,none
1918,1999-10,1999,10,none
1919,1999-11,1999,11,snow
1920,1999-12,1999,12,snow
1921,2000-01,2000,1,snow
1922,2000-02,2000,2,snow
1923,2000-03,2000,3,snow
1924,2000-04,2000,4,snow
1925,2000-05,2000,5,none
1926,2000-06,2000,6,none
1927,2000-07,2000,7,none
1928,2000-08,2000,8,none
1929,2000-09,2000,9,none
1930,2000-10,2000,10,none
1931,2000-11,2000,11,snow
1932,2000-12,2000,12,snow
1933,2001-01,2001,1,snow
1934,2001-02,2001,2,snow
1935,2001-03,2001,3,snow
1936,2001-04,2001,4,none
1937,2001-05,2001,5,none
1938,2001-06,2001,6,none
1939,2001-07,2001,7,none
1940,2001-08,2001,8,none
1941,2001-09,2001,9,none
1942,2001-10,2001,10,none
1943,2001-11,2001,11,none
1944,2001-12,2001,12,snow
1945,2002-01,2002,1,snow
1946,2002-02,2002,2,snow
1947,2002-03,2002,3,snow
1948,2002-04,2002,4,snow
1949,2002-05,2002,5,none
1950,2002-06,2002,6,none
1951,2002-07,2002,7,none
1952,2002-08,2002,8,none
1953,2002-09,2002,9,none
1954,2002-10,2002,10,none
1955,2002-11,2002,11,snow
1956,2002-12,2002,12,snow
1957,2003-01,2003,1,snow
1958,2003-02,2003,2,snow
1959,2003-03,2003,3,snow
1960,2003-04,2003,4,snow
1961,2003-05,2003,5,none
1962,2003-06,2003,6,none
