n, yy ,mean_max,mean_min,mean,weather
1, 1840-01 ,5.2,-2.9,1.2,cold
2, 1840-02 ,5.2,-2.9,1.2,cold
3, 1840-03 ,5.2,-2.9,1.2,cold
4, 1840-04 ,11.1,2.3,6.7,cold
5, 1840-05 ,17.2,7.6,12.4,cool
6, 1840-06 ,20.7,10.8,15.8,cool
7, 1840-07 ,24.4,14.5,19.5,cool
8, 1840-08 ,23.8,14.1,19,cool
9, 1840-09 ,17.9,7.2,12.6,cool
10, 1840-10 ,12.6,2.2,7.4,cold
11, 1840-11 ,5.6,-1.5,2.1,cold
12, 1840-12 ,-1,-8.8,-4.9,v_cold
13, 1841-01 ,-0.6,-8.3,-4.5,v_cold
14, 1841-02 ,-1.2,-9.7,-5.5,v_cold
15, 1841-03 ,2.2,-6.7,-2.3,v_cold
16, 1841-04 ,8.8,-0.2,4.3,cold
17, 1841-05 ,16.6,5.3,11,cool
18, 1841-06 ,25.3,13.4,19.4,cool
19, 1841-07 ,25.8,12.6,19.2,cool
20, 1841-08 ,24.2,13.1,18.7,cool
21, 1841-09 ,20.5,11.7,16.1,cool
22, 1841-10 ,10.1,1.3,5.7,cold
23, 1841-11 ,4.7,-2.2,1.3,cold
24, 1841-12 ,1.1,-5.1,-2,v_cold
25, 1842-01 ,1.9,-7.6,-2.9,v_cold
26, 1842-02 ,1.8,-6.1,-2.2,v_cold
27, 1842-03 ,7.1,-1.7,2.7,cold
28, 1842-04 ,11.7,2.2,7,cold
29, 1842-05 ,16.1,4.3,10.2,cool
30, 1842-06 ,20.4,8.6,14.5,cool
31, 1842-07 ,25.4,11.8,18.6,cool
32, 1842-08 ,25,14,19.5,cool
33, 1842-09 ,18.8,8.7,13.8,cool
34, 1842-10 ,12.6,2.9,7.8,cold
35, 1842-11 ,4.7,-2.7,1,cold
36, 1842-12 ,0,-7.6,-3.8,v_cold
37, 1843-01 ,1.4,-5.7,-2.2,v_cold
38, 1843-02 ,-4.4,-12.7,-8.6,v_cold
39, 1843-03 ,-0.9,-10.6,-5.8,v_cold
40, 1843-04 ,9.6,0.6,5.1,cold
41, 1843-05 ,16.4,5.1,10.8,cool
42, 1843-06 ,20.3,9.2,14.8,cool
43, 1843-07 ,25.5,12.5,19,cool
44, 1843-08 ,25.4,13.3,19.4,cool
45, 1843-09 ,21.3,11.4,16.4,cool
46, 1843-10 ,10.3,2.4,6.4,cold
47, 1843-11 ,3.8,-2.5,0.7,cold
48, 1843-12 ,2,-3.4,-0.7,v_cold
49, 1844-01 ,-2.6,-10.3,-6.5,v_cold
50, 1844-02 ,0.7,-7.9,-3.6,v_cold
51, 1844-03 ,4.2,-3.8,0.2,cold
52, 1844-04 ,15,3.5,9.3,cold
53, 1844-05 ,19,7.3,13.2,cool
54, 1844-06 ,21.8,10.3,16.1,cool
55, 1844-07 ,25.8,13.1,19.5,cool
56, 1844-08 ,23.8,12.9,18.4,cool
57, 1844-09 ,21.1,9.6,15.4,cool
58, 1844-10 ,11.2,1.9,6.6,cold
59, 1844-11 ,5.7,-2,1.9,cold
60, 1844-12 ,1.8,-6,-2.1,v_cold
61, 1845-01 ,0.7,-7.1,-3.2,v_cold
62, 1845-02 ,0.4,-7.4,-3.5,v_cold
63, 1845-03 ,6.1,-2.9,1.6,cold
64, 1845-04 ,10.7,0.8,5.8,cold
65, 1845-05 ,16.4,4.1,10.3,cool
66, 1845-06 ,21.8,10,15.9,cool
67, 1845-07 ,25.4,13,19.2,cool
68, 1845-08 ,25.3,13.4,19.4,cool
69, 1845-09 ,18.4,7.1,12.8,cool
70, 1845-10 ,12.6,2.4,7.5,cold
71, 1845-11 ,6.1,-0.9,2.6,cold
72, 1845-12 ,-2.4,-10.1,-6.3,v_cold
73, 1846-01 ,0.1,-7.6,-3.8,v_cold
74, 1846-02 ,-2.2,-12.7,-7.5,v_cold
75, 1846-03 ,3.9,-4.4,-0.3,v_cold
76, 1846-04 ,11,1.9,6.5,cold
77, 1846-05 ,18.2,8.1,13.2,cool
78, 1846-06 ,22.4,12.2,17.3,cool
79, 1846-07 ,26.2,14.6,20.4,warm
80, 1846-08 ,24.8,14.9,19.9,cool
81, 1846-09 ,21.8,12.7,17.3,cool
82, 1846-10 ,11.2,3.2,7.2,cold
83, 1846-11 ,7.7,2.4,5.1,cold
84, 1846-12 ,0.2,-5.8,-2.8,v_cold
85, 1847-01 ,-2.1,-8.6,-5.4,v_cold
86, 1847-02 ,-2.2,-9.1,-5.7,v_cold
87, 1847-03 ,0.4,-6.9,-3.3,v_cold
88, 1847-04 ,7.2,-0.6,3.3,cold
89, 1847-05 ,16.2,6.7,11.5,cool
90, 1847-06 ,18.8,10.1,14.5,cool
91, 1847-07 ,25,14.7,19.9,cool
92, 1847-08 ,22.7,12.8,17.8,cool
93, 1847-09 ,16.9,9.1,13,cool
94, 1847-10 ,10.6,3.1,6.9,cold
95, 1847-11 ,6.1,0.8,3.5,cold
96, 1847-12 ,0.6,-4.5,-2,v_cold
97, 1848-01 ,0.6,-5.9,-2.7,v_cold
98, 1848-02 ,0.6,-6.4,-2.9,v_cold
99, 1848-03 ,1.3,-5.6,-2.2,v_cold
100, 1848-04 ,9.7,0.1,4.9,cold
101, 1848-05 ,17.2,7,12.1,cool
102, 1848-06 ,21.9,10.9,16.4,cool
103, 1848-07 ,22.7,13.2,18,cool
104, 1848-08 ,24.6,14.6,19.6,cool
105, 1848-09 ,17.1,7.3,12.2,cool
106, 1848-10 ,11.1,4.1,7.6,cold
107, 1848-11 ,3.4,-1.7,0.9,cold
108, 1848-12 ,1.6,-4.6,-1.5,v_cold
109, 1849-01 ,-4.2,-10.5,-7.4,v_cold
110, 1849-02 ,-4.5,-10.6,-7.6,v_cold
111, 1849-03 ,3.6,-2.8,0.4,cold
112, 1849-04 ,7.2,-0.6,3.3,cold
113, 1849-05 ,12.6,5.1,8.9,cold
114, 1849-06 ,21.3,12.1,16.7,cool
115, 1849-07 ,24.8,13.8,19.3,cool
116, 1849-08 ,23.2,13.2,18.2,cool
117, 1849-09 ,18.6,9.7,14.2,cool
118, 1849-10 ,11.3,4,7.7,cold
119, 1849-11 ,8.1,3.1,5.6,cold
120, 1849-12 ,-0.9,-6.3,-3.6,v_cold
121, 1850-01 ,1.3,-5.1,-1.9,v_cold
122, 1850-02 ,0.3,-8.3,-4,v_cold
123, 1850-03 ,2.4,-5.7,-1.7,v_cold
124, 1850-04 ,7.7,-1.2,3.3,cold
125, 1850-05 ,15.3,4.3,9.8,cold
126, 1850-06 ,23.4,11.2,17.3,cool
127, 1850-07 ,25.8,15.7,20.8,warm
128, 1850-08 ,23.8,14.2,19,cool
129, 1850-09 ,18.4,7.2,12.8,cool
130, 1850-10 ,11.4,1.5,6.5,cold
131, 1850-11 ,7.2,-1.4,2.9,cold
132, 1850-12 ,-2.3,-8.9,-5.6,v_cold
133, 1851-01 ,-0.6,-8.3,-4.5,v_cold
134, 1851-02 ,0.3,-5.4,-2.6,v_cold
135, 1851-03 ,3.9,-3.2,0.4,cold
136, 1851-04 ,8.5,1.4,5,cold
137, 1851-05 ,15.1,6.2,10.7,cool
138, 1851-06 ,19.6,10.5,15.1,cool
139, 1851-07 ,22.4,14.4,18.4,cool
140, 1851-08 ,22,12.6,17.3,cool
141, 1851-09 ,19.6,10.1,14.9,cool
142, 1851-10 ,12.4,4.8,8.6,cold
143, 1851-11 ,2.6,-2.7,-0.1,v_cold
144, 1851-12 ,-2.9,-9.6,-6.3,v_cold
145, 1852-01 ,-4.9,-11.1,-8,v_cold
146, 1852-02 ,-1.6,-8.9,-5.3,v_cold
147, 1852-03 ,0.4,-7.4,-3.5,v_cold
148, 1852-04 ,6.1,0.1,3.1,cold
149, 1852-05 ,15.3,5.9,10.6,cool
150, 1852-06 ,20.8,10.8,15.8,cool
151, 1852-07 ,23.9,13.7,18.8,cool
152, 1852-08 ,22.6,13.8,18.2,cool
153, 1852-09 ,18.3,8.4,13.4,cool
154, 1852-10 ,13.1,4.4,8.8,cold
155, 1852-11 ,4.3,-1.1,1.6,cold
156, 1852-12 ,2.6,-3,-0.2,v_cold
157, 1853-01 ,-1.6,-9.5,-5.6,v_cold
158, 1853-02 ,-1.3,-9.2,-5.3,v_cold
159, 1853-03 ,2.7,-5.6,-1.5,v_cold
160, 1853-04 ,8.9,0.9,4.9,cold
161, 1853-05 ,13.7,5.9,9.8,cold
162, 1853-06 ,23.4,12.4,17.9,cool
163, 1853-07 ,25.1,11.8,18.5,cool
164, 1853-08 ,25.8,14,19.9,cool
165, 1853-09 ,19.9,9.7,14.8,cool
166, 1853-10 ,11.9,0.4,6.2,cold
167, 1853-11 ,6.7,-0.5,3.1,cold
168, 1853-12 ,-0.4,-8.2,-4.3,v_cold
169, 1854-01 ,-1.5,-10.3,-5.9,v_cold
170, 1854-02 ,-1.3,-12.7,-7,v_cold
171, 1854-03 ,2.5,-5.1,-1.3,v_cold
172, 1854-04 ,8.8,-0.7,4.1,cold
173, 1854-05 ,16.6,3.3,10,cold
174, 1854-06 ,23.7,9.9,16.8,cool
175, 1854-07 ,29.3,14.7,22,warm
176, 1854-08 ,27.1,12.9,20,cool
177, 1854-09 ,22.6,9.6,16.1,cool
178, 1854-10 ,14.9,5.2,10.1,cool
179, 1854-11 ,5.6,-2.1,1.8,cold
180, 1854-12 ,-1.4,-9.7,-5.6,v_cold
181, 1855-01 ,0.3,-8.1,-3.9,v_cold
182, 1855-02 ,-4.9,-15.1,-10,vv_cold
183, 1855-03 ,2.5,-6.9,-2.2,v_cold
184, 1855-04 ,11.6,0.1,5.9,cold
185, 1855-05 ,18.6,5.2,11.9,cool
186, 1855-06 ,20.6,10.4,15.5,cool
187, 1855-07 ,24.8,15.6,20.2,warm
188, 1855-08 ,23.7,12.3,18,cool
189, 1855-09 ,20.3,10,15.2,cool
190, 1855-10 ,11.5,1.4,6.5,cold
191, 1855-11 ,7.5,-1.8,2.9,cold
192, 1855-12 ,0.6,-7.3,-3.4,v_cold
193, 1856-01 ,-5.2,-14.4,-9.8,v_cold
194, 1856-02 ,-4.4,-15.9,-10.2,vv_cold
195, 1856-03 ,-0.8,-10.6,-5.7,v_cold
196, 1856-04 ,10.3,0.8,5.6,cold
197, 1856-05 ,15.3,4.8,10.1,cool
198, 1856-06 ,22,11.3,16.7,cool
199, 1856-07 ,26.8,15.1,21,warm
200, 1856-08 ,23.2,11.7,17.5,cool
201, 1856-09 ,19.3,7.6,13.5,cool
202, 1856-10 ,12.2,1.8,7,cold
203, 1856-11 ,6.1,-1.8,2.2,cold
204, 1856-12 ,-1.8,-9.1,-5.5,v_cold
205, 1857-01 ,-6.9,-17.3,-12.1,vv_cold
206, 1857-02 ,2.1,-6.4,-2.2,v_cold
207, 1857-03 ,1.8,-7.9,-3.1,v_cold
208, 1857-04 ,6.4,-2.6,1.9,cold
209, 1857-05 ,14,4.7,9.4,cold
210, 1857-06 ,18.7,9.5,14.1,cool
211, 1857-07 ,24.9,15.2,20.1,warm
212, 1857-08 ,23.6,12.8,18.2,cool
213, 1857-09 ,19.7,9.1,14.4,cool
214, 1857-10 ,11.1,3.1,7.1,cold
215, 1857-11 ,4.4,-3,0.7,cold
216, 1857-12 ,2.2,-4.3,-1.1,v_cold
217, 1858-01 ,1.8,-4.6,-1.4,v_cold
218, 1858-02 ,-4.4,-11.7,-8.1,v_cold
219, 1858-03 ,2.8,-5.6,-1.4,v_cold
220, 1858-04 ,9.1,1.3,5.2,cold
221, 1858-05 ,13.2,5.4,9.3,cold
222, 1858-06 ,23.3,13.7,18.5,cool
223, 1858-07 ,24.2,15.6,19.9,cool
224, 1858-08 ,24.1,15.2,19.7,cool
225, 1858-09 ,19.8,10.5,15.2,cool
226, 1858-10 ,13.3,6.4,9.9,cold
227, 1858-11 ,3.3,-1.1,1.1,cold
228, 1858-12 ,0.7,-5.9,-2.6,v_cold
229, 1859-01 ,-0.8,-7.4,-4.1,v_cold
230, 1859-02 ,-0.1,-6.8,-3.5,v_cold
231, 1859-03 ,5.6,-0.8,2.4,cold
232, 1859-04 ,8.1,0.6,4.4,cold
233, 1859-05 ,17.4,8.4,12.9,cool
234, 1859-06 ,19.4,9.9,14.7,cool
235, 1859-07 ,23.7,15.2,19.5,cool
236, 1859-08 ,23.8,15.3,19.6,cool
237, 1859-09 ,17,9.7,13.4,cool
238, 1859-10 ,10.3,2.9,6.6,cold
239, 1859-11 ,6.7,0.5,3.6,cold
240, 1859-12 ,-3.7,-10.6,-7.2,v_cold
241, 1860-01 ,-1.2,-8,-4.6,v_cold
242, 1860-02 ,-1.4,-9.2,-5.3,v_cold
243, 1860-03 ,5.5,-2.6,1.5,cold
244, 1860-04 ,8.4,0.2,4.3,cold
245, 1860-05 ,17.8,8.8,13.3,cool
246, 1860-06 ,22.6,12.9,17.8,cool
247, 1860-07 ,22.8,13.3,18.1,cool
248, 1860-08 ,23.2,13.6,18.4,cool
249, 1860-09 ,17.3,8.6,13,cool
250, 1860-10 ,12.1,5.3,8.7,cold
251, 1860-11 ,6.3,0.9,3.6,cold
252, 1860-12 ,-1.8,-7.1,-4.5,v_cold
253, 1861-01 ,-3.8,-10,-6.9,v_cold
254, 1861-02 ,0.2,-7.4,-3.6,v_cold
255, 1861-03 ,0.8,-6.3,-2.8,v_cold
256, 1861-04 ,9.8,1.9,5.9,cold
257, 1861-05 ,13.2,4.5,8.9,cold
258, 1861-06 ,21.3,10.8,16.1,cool
259, 1861-07 ,23.7,13.5,18.6,cool
260, 1861-08 ,23.6,14.5,19.1,cool
261, 1861-09 ,19.1,11,15.1,cool
262, 1861-10 ,12.9,5.4,9.2,cold
263, 1861-11 ,5.8,0.1,3,cold
264, 1861-12 ,2.8,-4.3,-0.8,v_cold
265, 1862-01 ,-2.4,-9.4,-5.9,v_cold
266, 1862-02 ,-2.1,-9.2,-5.7,v_cold
267, 1862-03 ,1.5,-4.9,-1.7,v_cold
268, 1862-04 ,7.9,0.8,4.4,cold
269, 1862-05 ,16.4,5.6,11,cool
270, 1862-06 ,20.7,10.5,15.6,cool
271, 1862-07 ,24.7,14.5,19.6,cool
272, 1862-08 ,24.6,14.6,19.6,cool
273, 1862-09 ,20,11.5,15.8,cool
274, 1862-10 ,12.7,5.3,9,cold
275, 1862-11 ,4.8,-0.8,2,cold
276, 1862-12 ,1.2,-4.6,-1.7,v_cold
277, 1863-01 ,0.8,-5,-2.1,v_cold
278, 1863-02 ,-1.1,-9.2,-5.2,v_cold
279, 1863-03 ,0.5,-7,-3.3,v_cold
280, 1863-04 ,10,0.8,5.4,cold
281, 1863-05 ,17.4,7.9,12.7,cool
282, 1863-06 ,20.7,11.2,16,cool
283, 1863-07 ,23.8,15.3,19.6,cool
284, 1863-08 ,24.3,14.4,19.4,cool
285, 1863-09 ,18.1,8.3,13.2,cool
286, 1863-10 ,11.6,4.7,8.2,cold
287, 1863-11 ,7.1,0.8,4,cold
288, 1863-12 ,1.1,-6.3,-2.6,v_cold
289, 1864-01 ,-1.4,-8.1,-4.8,v_cold
290, 1864-02 ,-0.2,-7.3,-3.8,v_cold
291, 1864-03 ,2,-5.3,-1.7,v_cold
292, 1864-04 ,8.6,1.5,5.1,cold
293, 1864-05 ,17.1,7.9,12.5,cool
294, 1864-06 ,22.8,11.6,17.2,cool
295, 1864-07 ,26.7,15.5,21.1,warm
296, 1864-08 ,25.2,16.4,20.8,warm
297, 1864-09 ,17.8,9.4,13.6,cool
298, 1864-10 ,11.2,4.3,7.8,cold
299, 1864-11 ,6.1,-0.3,2.9,cold
300, 1864-12 ,0.1,-6.8,-3.4,v_cold
301, 1865-01 ,-4.1,-12.1,-8.1,v_cold
302, 1865-02 ,-1.9,-9.1,-5.5,v_cold
303, 1865-03 ,4.1,-3.8,0.2,cold
304, 1865-04 ,10.4,1.6,6,cold
305, 1865-05 ,16.3,6.4,11.4,cool
306, 1865-06 ,23.4,13.7,18.6,cool
307, 1865-07 ,23.4,13.1,18.3,cool
308, 1865-08 ,23.9,13.1,18.5,cool
309, 1865-09 ,23.3,14,18.7,cool
310, 1865-10 ,11.3,3.4,7.4,cold
311, 1865-11 ,7.2,0.6,3.9,cold
312, 1865-12 ,1.5,-4.8,-1.7,v_cold
313, 1866-01 ,-3.1,-10.8,-7,v_cold
314, 1866-02 ,-1.8,-9.1,-5.5,v_cold
315, 1866-03 ,0.6,-5.7,-2.6,v_cold
316, 1866-04 ,11.7,2.2,7,cold
317, 1866-05 ,14.2,4.3,9.3,cold
318, 1866-06 ,20.8,10.8,15.8,cool
319, 1866-07 ,26.4,15.9,21.2,warm
320, 1866-08 ,20.9,11.5,16.2,cool
321, 1866-09 ,17.8,9.3,13.6,cool
322, 1866-10 ,14.2,6.6,10.4,cool
323, 1866-11 ,6.6,0.7,3.7,cold
324, 1866-12 ,-0.4,-6.6,-3.5,v_cold
325, 1867-01 ,-4.9,-11.3,-8.1,v_cold
326, 1867-02 ,1.3,-5.7,-2.2,v_cold
327, 1867-03 ,1.1,-6,-2.5,v_cold
328, 1867-04 ,8.8,1,4.9,cold
329, 1867-05 ,12.7,4.3,8.5,cold
330, 1867-06 ,23.1,13.2,18.2,cool
331, 1867-07 ,25.4,14.7,20.1,warm
332, 1867-08 ,26,14.9,20.5,warm
333, 1867-09 ,20.4,9.7,15.1,cool
334, 1867-10 ,14.9,5.8,10.4,cool
335, 1867-11 ,7.4,0.3,3.9,cold
336, 1867-12 ,-1.4,-9.2,-5.3,v_cold
337, 1868-01 ,-4.3,-11.2,-7.8,v_cold
338, 1868-02 ,-3,-13.2,-8.1,v_cold
339, 1868-03 ,3.9,-4.4,-0.3,v_cold
340, 1868-04 ,7.9,-1.2,3.4,cold
341, 1868-05 ,15.4,6.9,11.2,cool
342, 1868-06 ,21.5,11.3,16.4,cool
343, 1868-07 ,29.7,19.1,24.4,warm
344, 1868-08 ,25,14.6,19.8,cool
345, 1868-09 ,17.9,10.1,14,cool
346, 1868-10 ,9.9,2.4,6.2,cold
347, 1868-11 ,5.2,-0.1,2.6,cold
348, 1868-12 ,-1.6,-8.2,-4.9,v_cold
349, 1869-01 ,1.4,-5.6,-2.1,v_cold
350, 1869-02 ,-0.9,-8.1,-4.5,v_cold
351, 1869-03 ,-0.4,-9,-4.7,v_cold
352, 1869-04 ,8.9,0.2,4.6,cold
353, 1869-05 ,14.9,5.9,10.4,cool
354, 1869-06 ,19.7,9.9,14.8,cool
355, 1869-07 ,22.8,14.3,18.6,cool
356, 1869-08 ,22.3,13.1,17.7,cool
357, 1869-09 ,20.8,12.1,16.5,cool
358, 1869-10 ,10.1,2.1,6.1,cold
359, 1869-11 ,3.4,-2.8,0.3,cold
360, 1869-12 ,1.2,-4.3,-1.6,v_cold
361, 1870-01 ,0.2,-8,-3.9,v_cold
362, 1870-02 ,-2.2,-9.5,-5.9,v_cold
363, 1870-03 ,0.6,-6.4,-2.9,v_cold
364, 1870-04 ,11.9,2.6,7.3,cold
365, 1870-05 ,19.2,8.6,13.9,cool
366, 1870-06 ,24.7,14.1,19.4,cool
367, 1870-07 ,25.3,15.6,20.5,warm
368, 1870-08 ,25,13.9,19.5,cool
369, 1870-09 ,20.7,12.3,16.5,cool
370, 1870-10 ,14.7,6.2,10.5,cool
371, 1870-11 ,6.8,-1,2.9,cold
372, 1870-12 ,0,-6.4,-3.2,v_cold
373, 1871-01 ,-2,-10.3,-6.2,v_cold
374, 1871-02 ,-0.6,-9.1,-4.9,v_cold
375, 1871-03 ,4.9,-1.7,1.6,cold
376, 1871-04 ,11.6,1.9,6.8,cold
377, 1871-05 ,17.6,6.3,12,cool
378, 1871-06 ,21.9,11.2,16.6,cool
379, 1871-07 ,24.5,13.3,18.9,cool
380, 1871-08 ,25.3,14.4,19.9,cool
381, 1871-09 ,18.1,8.3,13.2,cool
382, 1871-10 ,14.6,4.8,9.7,cold
383, 1871-11 ,2.6,-3.3,-0.4,v_cold
384, 1871-12 ,-1.2,-9.5,-5.4,v_cold
385, 1872-01 ,-2.3,-10.1,-6.2,v_cold
386, 1872-02 ,-1.5,-10.8,-6.2,v_cold
387, 1872-03 ,-1.2,-10.9,-6.1,v_cold
388, 1872-04 ,10,-0.4,4.8,cold
389, 1872-05 ,16.7,5.2,11,cool
390, 1872-06 ,23,11.1,17.1,cool
391, 1872-07 ,27.1,15.3,21.2,warm
392, 1872-08 ,25.8,16.2,21,warm
393, 1872-09 ,20.4,10.3,15.4,cool
394, 1872-10 ,12.3,2.9,7.6,cold
395, 1872-11 ,4.8,-3.3,0.8,cold
396, 1872-12 ,-4.1,-12.2,-8.2,v_cold
397, 1873-01 ,-3.8,-12.8,-8.3,v_cold
398, 1873-02 ,-2.7,-12.2,-7.5,v_cold
399, 1873-03 ,1.1,-7.7,-3.3,v_cold
400, 1873-04 ,8.2,0.1,4.2,cold
401, 1873-05 ,16.2,5.8,11,cool
402, 1873-06 ,23.2,11.4,17.3,cool
403, 1873-07 ,25.4,14.6,20,cool
404, 1873-08 ,24,14.1,19.1,cool
405, 1873-09 ,19,8.3,13.7,cool
406, 1873-10 ,12.1,3.1,7.6,cold
407, 1873-11 ,1.2,-6,-2.4,v_cold
408, 1873-12 ,1.6,-5.6,-2,v_cold
409, 1874-01 ,-0.4,-8.2,-4.3,v_cold
410, 1874-02 ,-1.2,-9.9,-5.6,v_cold
411, 1874-03 ,2.9,-5.7,-1.4,v_cold
412, 1874-04 ,5.3,-3.7,0.8,cold
413, 1874-05 ,17.4,5.5,11.5,cool
414, 1874-06 ,22.4,11.7,17.1,cool
415, 1874-07 ,25.1,13.9,19.5,cool
416, 1874-08 ,25.3,13.3,19.3,cool
417, 1874-09 ,22.7,12.1,17.4,cool
418, 1874-10 ,12.8,4.2,8.5,cold
419, 1874-11 ,5.8,-2.4,1.7,cold
420, 1874-12 ,0.5,-8.2,-3.9,v_cold
421, 1875-01 ,-4.9,-13.4,-9.2,v_cold
422, 1875-02 ,-7.1,-18.1,-12.6,vv_cold
423, 1875-03 ,-0.6,-9.2,-4.9,v_cold
424, 1875-04 ,6.7,-1.7,2.5,cold
425, 1875-05 ,16.4,5.3,10.9,cool
426, 1875-06 ,22.4,9.8,16.1,cool
427, 1875-07 ,25.2,13.2,19.2,cool
428, 1875-08 ,23.6,13.8,18.7,cool
429, 1875-09 ,18.6,7.9,13.3,cool
430, 1875-10 ,10.6,2.2,6.4,cold
431, 1875-11 ,3.4,-3.6,-0.1,v_cold
432, 1875-12 ,1.1,-6.9,-2.9,v_cold
433, 1876-01 ,2.7,-5.3,-1.3,v_cold
434, 1876-02 ,-1,-8.9,-5,v_cold
435, 1876-03 ,0.8,-7.3,-3.3,v_cold
436, 1876-04 ,7.6,-0.4,3.6,cold
437, 1876-05 ,15.8,5.5,10.7,cool
438, 1876-06 ,23.6,13.6,18.6,cool
439, 1876-07 ,25.7,14.9,20.3,warm
440, 1876-08 ,26.9,15.4,21.2,warm
441, 1876-09 ,18.2,10.3,14.3,cool
442, 1876-10 ,10.2,1.5,5.9,cold
443, 1876-11 ,5.7,0,2.9,cold
444, 1876-12 ,-4.3,-12.2,-8.3,v_cold
445, 1877-01 ,-4.3,-13.2,-8.8,v_cold
446, 1877-02 ,2.2,-6.1,-2,v_cold
447, 1877-03 ,0.5,-7.7,-3.6,v_cold
448, 1877-04 ,11.1,1.9,6.5,cold
449, 1877-05 ,17.6,6.4,12,cool
450, 1877-06 ,22.1,11.3,16.7,cool
451, 1877-07 ,26.8,15.4,21.1,warm
452, 1877-08 ,25.6,16.2,20.9,warm
453, 1877-09 ,21.8,11.3,16.6,cool
454, 1877-10 ,13.8,6,9.9,cold
455, 1877-11 ,6.2,-0.2,3,cold
456, 1877-12 ,4.2,-1.8,1.2,cold
457, 1878-01 ,-0.8,-8.1,-4.5,v_cold
458, 1878-02 ,0.8,-6.7,-3,v_cold
459, 1878-03 ,7.1,-0.8,3.2,cold
460, 1878-04 ,14.2,5.1,9.7,cold
461, 1878-05 ,16.4,6.6,11.5,cool
462, 1878-06 ,22.3,11.7,17,cool
463, 1878-07 ,26.9,17.8,22.4,warm
464, 1878-08 ,25.4,15.6,20.5,warm
465, 1878-09 ,20.5,12.2,16.4,cool
466, 1878-10 ,14.1,5.1,9.6,cold
467, 1878-11 ,5.4,-0.6,2.4,cold
468, 1878-12 ,-1.5,-6.8,-4.2,v_cold
469, 1879-01 ,-3.1,-11,-7.1,v_cold
470, 1879-02 ,-3.5,-12.7,-8.1,v_cold
471, 1879-03 ,1.9,-5.4,-1.8,v_cold
472, 1879-04 ,9.1,-0.8,4.2,cold
473, 1879-05 ,18.2,5.8,12,cool
474, 1879-06 ,21.9,11.2,16.6,cool
475, 1879-07 ,25.7,15.3,20.5,warm
476, 1879-08 ,23.6,13.4,18.5,cool
477, 1879-09 ,18.2,8.2,13.2,cool
478, 1879-10 ,17.4,7.9,12.7,cool
479, 1879-11 ,5.8,-1.9,2,cold
480, 1879-12 ,0.6,-7.1,-3.3,v_cold
481, 1880-01 ,3.7,-2.9,0.4,cold
482, 1880-02 ,1.8,-7,-2.6,v_cold
483, 1880-03 ,2.6,-5.8,-1.6,v_cold
484, 1880-04 ,9.8,0.7,5.3,cold
485, 1880-05 ,20.3,9,14.7,cool
486, 1880-06 ,23.8,13.5,18.7,cool
487, 1880-07 ,24.9,14.6,19.8,cool
488, 1880-08 ,24.2,14.3,19.3,cool
489, 1880-09 ,20.4,11.2,15.8,cool
490, 1880-10 ,11.6,2.9,7.3,cold
491, 1880-11 ,2.1,-4.5,-1.2,v_cold
492, 1880-12 ,-2.9,-9.2,-6.1,v_cold
493, 1881-01 ,-4.6,-13.4,-9,v_cold
494, 1881-02 ,-2.8,-11.4,-7.1,v_cold
495, 1881-03 ,1.9,-4,-1.1,v_cold
496, 1881-04 ,9.3,-0.8,4.3,cold
497, 1881-05 ,19.9,9.2,14.6,cool
498, 1881-06 ,20.3,10.2,15.3,cool
499, 1881-07 ,26.8,16.1,21.5,warm
500, 1881-08 ,26.6,15.8,21.2,warm
501, 1881-09 ,25,15.3,20.2,warm
502, 1881-10 ,14.5,5.2,9.9,cold
503, 1881-11 ,6.6,-1.1,2.8,cold
504, 1881-12 ,4.4,-2.5,1,cold
505, 1882-01 ,-1,-9.1,-5.1,v_cold
506, 1882-02 ,3,-4.9,-1,v_cold
507, 1882-03 ,3.4,-3.7,-0.2,v_cold
508, 1882-04 ,9.1,0.1,4.6,cold
509, 1882-05 ,14.1,4.8,9.5,cold
510, 1882-06 ,21.5,11.1,16.3,cool
511, 1882-07 ,24.9,13.8,19.4,cool
512, 1882-08 ,24.4,15.1,19.8,cool
513, 1882-09 ,21.1,11.7,16.4,cool
514, 1882-10 ,15.8,5.9,10.9,cool
515, 1882-11 ,5.3,-1.4,2,cold
516, 1882-12 ,-0.7,-6.7,-3.7,v_cold
517, 1883-01 ,-3.8,-12.6,-8.2,v_cold
518, 1883-02 ,-2.6,-11.4,-7,v_cold
519, 1883-03 ,-0.5,-11.2,-5.9,v_cold
520, 1883-04 ,8.2,-1.3,3.5,cold
521, 1883-05 ,14.6,4.6,9.6,cold
522, 1883-06 ,21.8,11.4,16.6,cool
523, 1883-07 ,23.7,13.3,18.5,cool
524, 1883-08 ,22.8,12.3,17.6,cool
525, 1883-09 ,17.6,7.5,12.6,cool
526, 1883-10 ,11.2,3.1,7.2,cold
527, 1883-11 ,6.9,-1.3,2.8,cold
528, 1883-12 ,0.6,-7.5,-3.5,v_cold
529, 1884-01 ,-4.9,-13.6,-9.3,v_cold
530, 1884-02 ,-0.7,-9,-4.9,v_cold
531, 1884-03 ,1.8,-6.4,-2.3,v_cold
532, 1884-04 ,9.2,0.7,5,cold
533, 1884-05 ,15.6,5.5,10.6,cool
534, 1884-06 ,24.4,11.9,18.2,cool
535, 1884-07 ,23.2,12.4,17.8,cool
536, 1884-08 ,24.3,12.7,18.5,cool
537, 1884-09 ,22,10.9,16.5,cool
538, 1884-10 ,13.8,4.3,9.1,cold
539, 1884-11 ,4.7,-2.6,1.1,cold
540, 1884-12 ,-0.2,-7.4,-3.8,v_cold
541, 1885-01 ,-4.2,-12.2,-8.2,v_cold
542, 1885-02 ,-6,-17.7,-11.9,vv_cold
543, 1885-03 ,-3.2,-13.1,-8.2,v_cold
544, 1885-04 ,7.6,-1.8,2.9,cold
545, 1885-05 ,15.8,6.1,11,cool
546, 1885-06 ,21.6,9.5,15.6,cool
547, 1885-07 ,25.3,14.4,19.9,cool
548, 1885-08 ,21.7,12.9,17.3,cool
549, 1885-09 ,19.4,8.2,13.8,cool
550, 1885-10 ,11.6,3.6,7.6,cold
551, 1885-11 ,6.7,0.3,3.5,cold
552, 1885-12 ,0.9,-6,-2.6,v_cold
553, 1886-01 ,-3.4,-11.4,-7.4,v_cold
554, 1886-02 ,-3.3,-12.1,-7.7,v_cold
555, 1886-03 ,2,-4.4,-1.2,v_cold
556, 1886-04 ,12.1,2.3,7.2,cold
557, 1886-05 ,16.9,6.4,11.7,cool
558, 1886-06 ,21.7,10.6,16.2,cool
559, 1886-07 ,24.8,13.2,19,cool
560, 1886-08 ,23.8,13.5,18.7,cool
561, 1886-09 ,19.9,9.8,14.9,cool
562, 1886-10 ,13.6,4.5,9.1,cold
563, 1886-11 ,5.6,-1.7,2,cold
564, 1886-12 ,-2.4,-10,-6.2,v_cold
565, 1887-01 ,-2.9,-13.1,-8,v_cold
566, 1887-02 ,-1.4,-10.4,-5.9,v_cold
567, 1887-03 ,-0.1,-8.1,-4.1,v_cold
568, 1887-04 ,9.1,-0.8,4.2,cold
569, 1887-05 ,20.4,8.8,14.6,cool
570, 1887-06 ,22.7,12.2,17.5,cool
571, 1887-07 ,28.6,17.2,22.9,warm
572, 1887-08 ,24.4,13.5,19,cool
573, 1887-09 ,18.8,8.4,13.6,cool
574, 1887-10 ,11.2,1.9,6.6,cold
575, 1887-11 ,5.1,-2,1.6,cold
576, 1887-12 ,0.6,-5.2,-2.3,v_cold
577, 1888-01 ,-5.2,-13.9,-9.6,v_cold
578, 1888-02 ,-1.7,-10.2,-6,v_cold
579, 1888-03 ,-1.4,-9.4,-5.4,v_cold
580, 1888-04 ,8.6,-0.6,4,cold
581, 1888-05 ,15.3,5.8,10.6,cool
582, 1888-06 ,24.2,11.9,18.1,cool
583, 1888-07 ,24.8,13.2,19,cool
584, 1888-08 ,24.6,13.6,19.1,cool
585, 1888-09 ,18.7,8.6,13.7,cool
586, 1888-10 ,10.1,2.5,6.3,cold
587, 1888-11 ,6.6,-0.4,3.1,cold
588, 1888-12 ,2.1,-5,-1.5,v_cold
589, 1889-01 ,1,-5.9,-2.5,v_cold
590, 1889-02 ,-3.3,-13.3,-8.3,v_cold
591, 1889-03 ,4.1,-3.1,0.5,cold
592, 1889-04 ,10.9,1.7,6.3,cold
593, 1889-05 ,17.4,7,12.2,cool
594, 1889-06 ,20.3,11.2,15.8,cool
595, 1889-07 ,25.7,15.5,20.6,warm
596, 1889-08 ,23.9,13.4,18.7,cool
597, 1889-09 ,20.1,11.2,15.7,cool
598, 1889-10 ,9.9,2,6,cold
599, 1889-11 ,6.6,0.7,3.7,cold
600, 1889-12 ,4.7,-2.4,1.2,cold
601, 1890-01 ,2.7,-5.4,-1.4,v_cold
602, 1890-02 ,2.1,-6.8,-2.4,v_cold
603, 1890-03 ,1.6,-6.2,-2.3,v_cold
604, 1890-04 ,10.9,0.4,5.7,cold
605, 1890-05 ,15,5.1,10.1,cool
606, 1890-06 ,23.8,13.6,18.7,cool
607, 1890-07 ,25.1,14.4,19.8,cool
608, 1890-08 ,22.8,13.3,18.1,cool
609, 1890-09 ,19.2,9.2,14.2,cool
610, 1890-10 ,12.6,5.8,9.2,cold
611, 1890-11 ,6.5,-0.9,2.8,cold
612, 1890-12 ,-1.1,-9.5,-5.3,v_cold
613, 1891-01 ,-1.1,-8.6,-4.9,v_cold
614, 1891-02 ,1.5,-6.3,-2.4,v_cold
615, 1891-03 ,1.6,-5.3,-1.9,v_cold
616, 1891-04 ,11.2,1.6,6.4,cold
617, 1891-05 ,16.7,4.9,10.8,cool
618, 1891-06 ,23.7,12.3,18,cool
619, 1891-07 ,23.1,12.6,17.9,cool
620, 1891-08 ,23.9,13.9,18.9,cool
621, 1891-09 ,22.6,11.9,17.3,cool
622, 1891-10 ,13.4,3.9,8.7,cold
623, 1891-11 ,6.1,-1,2.6,cold
624, 1891-12 ,4.4,-2.8,0.8,cold
625, 1892-01 ,-2.5,-11.5,-7,v_cold
626, 1892-02 ,-0.6,-8.1,-4.4,v_cold
627, 1892-03 ,1.2,-5.7,-2.3,v_cold
628, 1892-04 ,10.3,0.2,5.3,cold
629, 1892-05 ,15,6.8,10.9,cool
630, 1892-06 ,23.4,13.7,18.6,cool
631, 1892-07 ,26,14.2,20.1,warm
632, 1892-08 ,24.7,14.8,19.8,cool
633, 1892-09 ,20.7,10.6,15.7,cool
634, 1892-10 ,13.2,4.2,8.7,cold
635, 1892-11 ,4.6,-1.2,1.7,cold
636, 1892-12 ,-0.6,-6.6,-3.6,v_cold
637, 1893-01 ,-5.7,-14.3,-10,vv_cold
638, 1893-02 ,-2.5,-12.6,-7.6,v_cold
639, 1893-03 ,2.2,-5.6,-1.7,v_cold
640, 1893-04 ,8.6,0.1,4.4,cold
641, 1893-05 ,16.1,6.1,11.1,cool
642, 1893-06 ,24.9,13.7,19.3,cool
643, 1893-07 ,26.2,14.2,20.2,warm
644, 1893-08 ,24.8,13.7,19.3,cool
645, 1893-09 ,19.1,9.1,14.1,cool
646, 1893-10 ,13.7,4.7,9.2,cold
647, 1893-11 ,6.2,-0.4,2.9,cold
648, 1893-12 ,0.1,-9.4,-4.7,v_cold
649, 1894-01 ,1.4,-5.6,-2.1,v_cold
650, 1894-02 ,-2.2,-10.8,-6.5,v_cold
651, 1894-03 ,6.2,-2.1,2.1,cold
652, 1894-04 ,11.8,1.9,6.9,cold
653, 1894-05 ,16.3,6.3,11.3,cool
654, 1894-06 ,24.7,13.8,19.3,cool
655, 1894-07 ,26.4,14.8,20.6,warm
656, 1894-08 ,24.2,13,18.6,cool
657, 1894-09 ,22,12.1,17.1,cool
658, 1894-10 ,14.1,6.3,10.2,cool
659, 1894-11 ,4.8,-2.5,1.2,cold
660, 1894-12 ,2.8,-3.6,-0.4,v_cold
661, 1895-01 ,-2.2,-10,-6.1,v_cold
662, 1895-02 ,-4.4,-12.9,-8.7,v_cold
663, 1895-03 ,0.3,-9,-4.4,v_cold
664, 1895-04 ,10.7,1.9,6.3,cold
665, 1895-05 ,19.1,6.9,13,cool
666, 1895-06 ,26.1,13.7,19.9,cool
667, 1895-07 ,24.6,13.5,19.1,cool
668, 1895-08 ,24.2,13.4,18.8,cool
669, 1895-09 ,21.6,10.3,16,cool
670, 1895-10 ,10.5,1.7,6.1,cold
671, 1895-11 ,6.3,-0.8,2.8,cold
672, 1895-12 ,2.2,-4.8,-1.3,v_cold
673, 1896-01 ,-2.3,-9.2,-5.8,v_cold
674, 1896-02 ,-1.3,-9.7,-5.5,v_cold
675, 1896-03 ,-0.6,-9.1,-4.9,v_cold
676, 1896-04 ,12.6,3.4,8,cold
677, 1896-05 ,21.3,10.1,15.7,cool
678, 1896-06 ,23.7,12.5,18.1,cool
679, 1896-07 ,26.1,15.4,20.8,warm
680, 1896-08 ,25.6,13.9,19.8,cool
681, 1896-09 ,18.8,9.3,14.1,cool
682, 1896-10 ,11,3.4,7.2,cold
683, 1896-11 ,8.2,0.3,4.3,cold
684, 1896-12 ,0.9,-5.7,-2.4,v_cold
685, 1897-01 ,-1.2,-8.9,-5.1,v_cold
686, 1897-02 ,-0.8,-7.3,-4.1,v_cold
687, 1897-03 ,3.8,-4.1,-0.2,v_cold
688, 1897-04 ,11,1.6,6.3,cold
689, 1897-05 ,16.4,6.8,11.6,cool
690, 1897-06 ,22,10.7,16.4,cool
691, 1897-07 ,27.5,17.5,22.5,warm
692, 1897-08 ,24,13.1,18.6,cool
693, 1897-09 ,22.2,10.4,16.3,cool
694, 1897-10 ,15.6,5.5,10.6,cool
695, 1897-11 ,7.2,0.1,3.7,cold
696, 1897-12 ,1.5,-5.9,-2.2,v_cold
697, 1898-01 ,0.1,-7.7,-3.8,v_cold
698, 1898-02 ,-0.5,-7.9,-4.2,v_cold
699, 1898-03 ,7.1,-1.6,2.8,cold
700, 1898-04 ,11.1,1.9,6.5,cold
701, 1898-05 ,18.1,8.4,13.3,cool
702, 1898-06 ,23.9,13.7,18.8,cool
703, 1898-07 ,27.5,15.9,21.7,warm
704, 1898-08 ,27,15.7,21.4,warm
705, 1898-09 ,22.8,12.8,17.8,cool
706, 1898-10 ,14,6.6,10.3,cool
707, 1898-11 ,5.7,-1.8,2,cold
708, 1898-12 ,0.5,-6.7,-3.1,v_cold
709, 1899-01 ,-0.7,-9.2,-5,v_cold
710, 1899-02 ,-3,-11.2,-7.1,v_cold
711, 1899-03 ,1.8,-5.9,-2.1,v_cold
712, 1899-04 ,11.9,2.3,7.1,cold
713, 1899-05 ,18.2,7.8,13,cool
714, 1899-06 ,24.9,12.2,18.6,cool
715, 1899-07 ,26.6,14.3,20.5,warm
716, 1899-08 ,27.5,14.6,21.1,warm
717, 1899-09 ,19.2,8.8,14,cool
718, 1899-10 ,15.3,5.6,10.5,cool
719, 1899-11 ,8.2,1.2,4.7,cold
720, 1899-12 ,1.6,-5.2,-1.8,v_cold
721, 1900-01 ,0.8,-7.6,-3.4,v_cold
722, 1900-02 ,-2.4,-10.9,-6.7,v_cold
723, 1900-03 ,-0.2,-9.3,-4.8,v_cold
724, 1900-04 ,12.3,2.6,7.5,cold
725, 1900-05 ,19.2,6.6,12.9,cool
726, 1900-06 ,24.3,12.4,18.4,cool
727, 1900-07 ,26.8,14.4,20.6,warm
728, 1900-08 ,28.1,16.9,22.5,warm
729, 1900-09 ,23.4,12.4,17.9,cool
730, 1900-10 ,18.9,7.9,13.4,cool
731, 1900-11 ,7,0.3,3.7,cold
732, 1900-12 ,1.9,-5.3,-1.7,v_cold
733, 1901-01 ,-0.5,-8.8,-4.7,v_cold
734, 1901-02 ,-4.2,-12.8,-8.5,v_cold
735, 1901-03 ,2.6,-4.9,-1.2,v_cold
736, 1901-04 ,12.6,3.4,8,cold
737, 1901-05 ,17.2,7.7,12.5,cool
738, 1901-06 ,24.1,12.9,18.5,cool
739, 1901-07 ,28.5,17.2,22.9,warm
740, 1901-08 ,25.9,15.5,20.7,warm
741, 1901-09 ,22.1,11.1,16.6,cool
742, 1901-10 ,15,3.7,9.4,cold
743, 1901-11 ,4.8,-2.1,1.4,cold
744, 1901-12 ,0.6,-6.5,-3,v_cold
745, 1902-01 ,-0.8,-8.8,-4.8,v_cold
746, 1902-02 ,-2.2,-9.8,-6,v_cold
747, 1902-03 ,7.1,-1,3.1,cold
748, 1902-04 ,11.5,1.8,6.7,cold
749, 1902-05 ,17.3,6.4,11.9,cool
750, 1902-06 ,21.2,9.9,15.6,cool
751, 1902-07 ,26,15,20.5,warm
752, 1902-08 ,24,13.2,18.6,cool
753, 1902-09 ,20.4,11,15.7,cool
754, 1902-10 ,14.2,4.4,9.3,cold
755, 1902-11 ,10.2,2,6.1,cold
756, 1902-12 ,-0.4,-7.9,-4.2,v_cold
757, 1903-01 ,-1.2,-8.7,-5,v_cold
758, 1903-02 ,0.1,-7,-3.5,v_cold
759, 1903-03 ,8.1,0.4,4.3,cold
760, 1903-04 ,11.5,1.7,6.6,cold
761, 1903-05 ,19.2,7.3,13.3,cool
762, 1903-06 ,21.7,11.4,16.6,cool
763, 1903-07 ,26.2,15.1,20.7,warm
764, 1903-08 ,22.3,13.1,17.7,cool
765, 1903-09 ,21.9,10.4,16.2,cool
766, 1903-10 ,15.3,5.6,10.5,cool
767, 1903-11 ,5.7,-2.3,1.7,cold
768, 1903-12 ,-1.3,-8.8,-5.1,v_cold
769, 1904-01 ,-4.2,-13.6,-8.9,v_cold
770, 1904-02 ,-5.3,-15.4,-10.4,vv_cold
771, 1904-03 ,1.9,-5.6,-1.9,v_cold
772, 1904-04 ,8.3,-0.3,4,cold
773, 1904-05 ,18.8,7.6,13.2,cool
774, 1904-06 ,22.8,11.7,17.3,cool
775, 1904-07 ,25.3,14.1,19.7,cool
776, 1904-08 ,24.1,12.4,18.3,cool
777, 1904-09 ,19.5,10.1,14.8,cool
778, 1904-10 ,12.3,3.3,7.8,cold
779, 1904-11 ,6.2,-1.8,2.2,cold
780, 1904-12 ,-1.4,-9.4,-5.4,v_cold
781, 1905-01 ,-3.7,-11.9,-7.8,v_cold
782, 1905-02 ,-3.7,-13.4,-8.6,v_cold
783, 1905-03 ,3.7,-5.2,-0.8,v_cold
784, 1905-04 ,10.7,0.7,5.7,cold
785, 1905-05 ,17,6,11.5,cool
786, 1905-06 ,23.1,12.1,17.6,cool
787, 1905-07 ,26,15.9,21,warm
788, 1905-08 ,25.2,14.2,19.7,cool
789, 1905-09 ,21.9,11.7,16.8,cool
790, 1905-10 ,14.1,4.6,9.4,cold
791, 1905-11 ,6.4,-1,2.7,cold
792, 1905-12 ,2.6,-3.4,-0.4,v_cold
793, 1906-01 ,2.8,-4,-0.6,v_cold
794, 1906-02 ,-0.6,-10.2,-5.4,v_cold
795, 1906-03 ,0.7,-6.2,-2.8,v_cold
796, 1906-04 ,12.1,2.1,7.1,cold
797, 1906-05 ,17.8,6.9,12.4,cool
798, 1906-06 ,24,13.4,18.7,cool
799, 1906-07 ,26.6,15.7,21.2,warm
800, 1906-08 ,27.2,17,22.1,warm
801, 1906-09 ,24,12.5,18.3,cool
802, 1906-10 ,13.9,5.2,9.6,cold
803, 1906-11 ,6.4,-0.4,3,cold
804, 1906-12 ,-0.6,-9.1,-4.9,v_cold
805, 1907-01 ,-1.9,-9.1,-5.5,v_cold
806, 1907-02 ,-2.9,-12.1,-7.5,v_cold
807, 1907-03 ,5.2,-3.2,1,cold
808, 1907-04 ,7.7,-0.6,3.6,cold
809, 1907-05 ,14.6,3.3,9,cold
810, 1907-06 ,23.2,12.1,17.7,cool
811, 1907-07 ,27.1,14.3,20.7,warm
812, 1907-08 ,24.6,12.4,18.5,cool
813, 1907-09 ,20.8,12.2,16.5,cool
814, 1907-10 ,12,2.4,7.2,cold
815, 1907-11 ,5.9,-0.4,2.8,cold
816, 1907-12 ,1.6,-4.4,-1.4,v_cold
817, 1908-01 ,-0.1,-8.4,-4.3,v_cold
818, 1908-02 ,-2.6,-11.6,-7.1,v_cold
819, 1908-03 ,3.9,-4.5,-0.3,v_cold
820, 1908-04 ,10.1,0.9,5.5,cold
821, 1908-05 ,18.7,8.3,13.5,cool
822, 1908-06 ,25.2,12.8,19,cool
823, 1908-07 ,27.6,15.5,21.6,warm
824, 1908-08 ,25.4,13.4,19.4,cool
825, 1908-09 ,24.1,11.2,17.7,cool
826, 1908-10 ,16.3,5.3,10.8,cool
827, 1908-11 ,8.4,0.1,4.3,cold
828, 1908-12 ,1.8,-5,-1.6,v_cold
829, 1909-01 ,0.8,-7.1,-3.2,v_cold
830, 1909-02 ,0.9,-6.8,-3,v_cold
831, 1909-03 ,2.5,-4.7,-1.1,v_cold
832, 1909-04 ,9.3,0.6,5,cold
833, 1909-05 ,17.1,7.1,12.1,cool
834, 1909-06 ,24.1,13.1,18.6,cool
835, 1909-07 ,25.5,14.2,19.9,cool
836, 1909-08 ,26.2,15.1,20.7,warm
837, 1909-09 ,21.3,10.1,15.7,cool
838, 1909-10 ,13.1,2.7,7.9,cold
839, 1909-11 ,9.1,0.4,4.8,cold
840, 1909-12 ,-0.1,-6.5,-3.3,v_cold
841, 1910-01 ,-0.1,-7.2,-3.7,v_cold
842, 1910-02 ,-1.5,-10.6,-6.1,v_cold
843, 1910-03 ,8.6,-1.1,3.8,cold
844, 1910-04 ,12.9,3.6,8.3,cold
845, 1910-05 ,16.3,6.6,11.5,cool
846, 1910-06 ,24.1,12.3,18.2,cool
847, 1910-07 ,28.1,15.5,21.8,warm
848, 1910-08 ,25.3,14.3,19.8,cool
849, 1910-09 ,21.1,10.1,15.6,cool
850, 1910-10 ,15.6,5.8,10.7,cool
851, 1910-11 ,4.9,-0.4,2.3,cold
852, 1910-12 ,-1.9,-10.1,-6,v_cold
853, 1911-01 ,0.6,-7.3,-3.4,v_cold
854, 1911-02 ,0.2,-7.3,-3.6,v_cold
855, 1911-03 ,2.9,-5.1,-1.1,v_cold
856, 1911-04 ,11.2,1.4,6.3,cold
857, 1911-05 ,23.1,9.4,16.3,cool
858, 1911-06 ,24.2,13.2,18.7,cool
859, 1911-07 ,28.1,15.9,22,warm
860, 1911-08 ,26.4,15.1,20.8,warm
861, 1911-09 ,21.1,10.7,15.9,cool
862, 1911-10 ,14.3,5.2,9.8,cold
863, 1911-11 ,5.8,-1.4,2.2,cold
864, 1911-12 ,4.1,-1.9,1.1,cold
865, 1912-01 ,-5.9,-14.2,-10.1,vv_cold
866, 1912-02 ,-3.3,-11.2,-7.3,v_cold
867, 1912-03 ,0.8,-7.8,-3.5,v_cold
868, 1912-04 ,10.1,0.9,5.5,cold
869, 1912-05 ,18.3,7.6,13,cool
870, 1912-06 ,22.9,10.7,16.8,cool
871, 1912-07 ,26.6,15.3,21,warm
872, 1912-08 ,22.4,13.1,17.8,cool
873, 1912-09 ,21.7,12.5,17.1,cool
874, 1912-10 ,15.3,5.4,10.4,cool
875, 1912-11 ,8.3,1.1,4.7,cold
876, 1912-12 ,3.8,-3.1,0.4,cold
877, 1913-01 ,3.3,-3.9,-0.3,v_cold
878, 1913-02 ,-2.2,-10.7,-6.5,v_cold
879, 1913-03 ,5.6,-4,0.8,cold
880, 1913-04 ,12.9,2.9,7.9,cold
881, 1913-05 ,17.9,6.8,12.4,cool
882, 1913-06 ,24.9,11.4,18.2,cool
883, 1913-07 ,27.5,15,21.3,warm
884, 1913-08 ,26.1,14.7,20.4,warm
885, 1913-09 ,20.9,9.6,15.3,cool
886, 1913-10 ,15.4,6.4,10.9,cool
887, 1913-11 ,9.3,2.1,5.7,cold
888, 1913-12 ,4.1,-2.5,0.8,cold
889, 1914-01 ,0.7,-7.9,-3.6,v_cold
890, 1914-02 ,-4.8,-13.4,-9.1,v_cold
891, 1914-03 ,3.1,-4.6,-0.8,v_cold
892, 1914-04 ,9.4,1.2,5.3,cold
893, 1914-05 ,21,8.6,14.8,cool
894, 1914-06 ,23.8,12.2,18,cool
895, 1914-07 ,26.9,15.8,21.4,warm
896, 1914-08 ,25.4,14.7,20.1,warm
897, 1914-09 ,21.8,10.5,16.2,cool
898, 1914-10 ,16.4,6.7,11.6,cool
899, 1914-11 ,7.4,-0.6,3.4,cold
900, 1914-12 ,-0.3,-6.6,-3.5,v_cold
901, 1915-01 ,-0.7,-8.6,-4.7,v_cold
902, 1915-02 ,-0.1,-6.4,-3.3,v_cold
903, 1915-03 ,3.1,-5.3,-1.1,v_cold
904, 1915-04 ,15.2,4.7,10,cold
905, 1915-05 ,16.5,5.9,11.2,cool
906, 1915-06 ,22.9,10.8,16.9,cool
907, 1915-07 ,25.3,15.2,20.3,warm
908, 1915-08 ,23.6,14.5,19.1,cool
909, 1915-09 ,22.8,12.1,17.5,cool
910, 1915-10 ,15.6,6.6,11.1,cool
911, 1915-11 ,8.1,1.6,4.9,cold
912, 1915-12 ,0.6,-5.4,-2.4,v_cold
913, 1916-01 ,2.9,-4.9,-1,v_cold
914, 1916-02 ,-3.3,-11.2,-7.3,v_cold
915, 1916-03 ,0.6,-7.9,-3.7,v_cold
916, 1916-04 ,11.1,2.8,7,cold
917, 1916-05 ,17.6,7.1,12.4,cool
918, 1916-06 ,20.7,10.7,15.7,cool
919, 1916-07 ,30.3,18.6,24.5,warm
920, 1916-08 ,28.9,15.6,22.3,warm
921, 1916-09 ,21.8,10.6,16.2,cool
922, 1916-10 ,15.4,4.2,9.8,cold
923, 1916-11 ,7,-0.7,3.2,cold
924, 1916-12 ,0.6,-6.2,-2.8,v_cold
925, 1917-01 ,-1.1,-9.3,-5.2,v_cold
926, 1917-02 ,-3.7,-12.8,-8.3,v_cold
927, 1917-03 ,3.9,-3.7,0.1,cold
928, 1917-04 ,9.3,0.8,5.1,cold
929, 1917-05 ,14.4,4.9,9.7,cold
930, 1917-06 ,21.5,10.6,16.1,cool
931, 1917-07 ,26.8,16,21.4,warm
932, 1917-08 ,25.4,14.3,19.9,cool
933, 1917-09 ,20.8,8.8,14.8,cool
934, 1917-10 ,11.3,2.7,7,cold
935, 1917-11 ,5.4,-2.7,1.4,cold
936, 1917-12 ,-3,-10.8,-6.9,v_cold
937, 1918-01 ,-6.4,-14.4,-10.4,vv_cold
938, 1918-02 ,-0.7,-11.3,-6,v_cold
939, 1918-03 ,5.8,-4,0.9,cold
940, 1918-04 ,11.7,1.3,6.5,cold
941, 1918-05 ,20.4,7.6,14,cool
942, 1918-06 ,21.9,10.8,16.4,cool
943, 1918-07 ,27,14.8,20.9,warm
944, 1918-08 ,28,15.3,21.7,warm
945, 1918-09 ,18.7,8.5,13.6,cool
946, 1918-10 ,15.6,6,10.8,cool
947, 1918-11 ,9.2,2,5.6,cold
948, 1918-12 ,2.9,-3.6,-0.4,v_cold
949, 1919-01 ,2.6,-5.6,-1.5,v_cold
950, 1919-02 ,1.7,-5.8,-2.1,v_cold
951, 1919-03 ,5.6,-3.6,1,cold
952, 1919-04 ,10.5,1.3,5.9,cold
953, 1919-05 ,18.2,7.7,13,cool
954, 1919-06 ,28.6,16.3,22.5,warm
955, 1919-07 ,29.4,16.4,22.9,warm
956, 1919-08 ,25.4,14.5,20,cool
957, 1919-09 ,23.3,11.7,17.5,cool
958, 1919-10 ,16.4,7,11.7,cool
959, 1919-11 ,7.3,-0.4,3.5,cold
960, 1919-12 ,-1.1,-9.2,-5.2,v_cold
961, 1920-01 ,-5.9,-15.2,-10.6,vv_cold
962, 1920-02 ,-2.2,-10.9,-6.6,v_cold
963, 1920-03 ,6.2,-4.2,1,cold
964, 1920-04 ,8.7,0.4,4.6,cold
965, 1920-05 ,18.5,6.4,12.5,cool
966, 1920-06 ,24.5,13.1,18.8,cool
967, 1920-07 ,24.9,13.4,19.2,cool
968, 1920-08 ,26.5,15.6,21.1,warm
969, 1920-09 ,23.8,11.6,17.7,cool
970, 1920-10 ,18,7.5,12.8,cool
971, 1920-11 ,5.6,-0.3,2.7,cold
972, 1920-12 ,2.6,-3.1,-0.3,v_cold
973, 1921-01 ,1.9,-6.5,-2.3,v_cold
974, 1921-02 ,1.9,-5.8,-2,v_cold
975, 1921-03 ,8.4,-1.1,3.7,cold
976, 1921-04 ,14.6,4.6,9.6,cold
977, 1921-05 ,20.1,9,14.6,cool
978, 1921-06 ,26.7,14,20.4,warm
979, 1921-07 ,31.2,19.8,25.5,warm
980, 1921-08 ,25.8,14.3,20.1,warm
981, 1921-09 ,26.1,13.7,19.9,cool
982, 1921-10 ,14.9,5.5,10.2,cool
983, 1921-11 ,5.6,-0.8,2.4,cold
984, 1921-12 ,1.9,-5.9,-2,v_cold
985, 1922-01 ,-1,-8.6,-4.8,v_cold
986, 1922-02 ,1.1,-7.2,-3.1,v_cold
987, 1922-03 ,5.5,-2.9,1.3,cold
988, 1922-04 ,12.8,2.2,7.5,cold
989, 1922-05 ,21.4,9.4,15.4,cool
990, 1922-06 ,25.1,13.5,19.3,cool
991, 1922-07 ,26.7,15.1,20.9,warm
992, 1922-08 ,26.7,14.4,20.6,warm
993, 1922-09 ,23.2,11.9,17.6,cool
994, 1922-10 ,14.7,5.1,9.9,cold
995, 1922-11 ,8.2,1.6,4.9,cold
996, 1922-12 ,1.7,-5.6,-2,v_cold
997, 1923-01 ,-1.2,-10.1,-5.7,v_cold
998, 1923-02 ,-2.9,-11.7,-7.3,v_cold
999, 1923-03 ,2,-7.4,-2.7,v_cold
1000, 1923-04 ,10.6,1,5.8,cold
1001, 1923-05 ,16.7,5.2,11,cool
1002, 1923-06 ,25,13.4,19.2,cool
1003, 1923-07 ,26.1,15.1,20.6,warm
1004, 1923-08 ,24.7,12.9,18.8,cool
1005, 1923-09 ,20.8,11.1,16,cool
1006, 1923-10 ,13.9,4.8,9.4,cold
1007, 1923-11 ,7.3,0.5,3.9,cold
1008, 1923-12 ,5.2,-0.6,2.3,cold
1009, 1924-01 ,-0.7,-8.8,-4.8,v_cold
1010, 1924-02 ,-2.4,-10.6,-6.5,v_cold
1011, 1924-03 ,2.9,-3.3,-0.2,v_cold
1012, 1924-04 ,10.6,1.4,6,cold
1013, 1924-05 ,14.8,5.3,10.1,cool
1014, 1924-06 ,22.8,11.5,17.2,cool
1015, 1924-07 ,25.4,13.8,19.6,cool
1016, 1924-08 ,25.1,13.7,19.4,cool
1017, 1924-09 ,18.6,9.2,13.9,cool
1018, 1924-10 ,15.9,4.7,10.3,cool
1019, 1924-11 ,7.9,-0.1,3.9,cold
1020, 1924-12 ,-1,-7.9,-4.5,v_cold
1021, 1925-01 ,-2.1,-10.9,-6.5,v_cold
1022, 1925-02 ,1,-6.1,-2.6,v_cold
1023, 1925-03 ,5.6,-2.3,1.7,cold
1024, 1925-04 ,12.4,2.3,7.4,cold
1025, 1925-05 ,15.9,5,10.5,cool
1026, 1925-06 ,25.1,13.5,19.3,cool
1027, 1925-07 ,25,14.5,19.8,cool
1028, 1925-08 ,26.3,14.6,20.5,warm
1029, 1925-09 ,20.6,12.4,16.5,cool
1030, 1925-10 ,9.6,1.9,5.8,cold
1031, 1925-11 ,6.3,0,3.2,cold
1032, 1925-12 ,-0.2,-5.9,-3.1,v_cold
1033, 1926-01 ,-0.7,-7.4,-4.1,v_cold
1034, 1926-02 ,-2.3,-9.9,-6.1,v_cold
1035, 1926-03 ,0.1,-6.6,-3.3,v_cold
1036, 1926-04 ,7.4,-1.4,3,cold
1037, 1926-05 ,17.2,5.9,11.6,cool
1038, 1926-06 ,21.2,9.6,15.4,cool
1039, 1926-07 ,25.4,14.3,19.9,cool
1040, 1926-08 ,24.7,15.9,20.3,warm
1041, 1926-09 ,19.4,10.7,15.1,cool
1042, 1926-10 ,12.4,4.4,8.4,cold
1043, 1926-11 ,6.3,-0.2,3.1,cold
1044, 1926-12 ,-1.1,-7.9,-4.5,v_cold
1045, 1927-01 ,-2.2,-9.7,-6,v_cold
1046, 1927-02 ,0.5,-6,-2.8,v_cold
1047, 1927-03 ,5.4,-1.8,1.8,cold
1048, 1927-04 ,11.3,1.4,6.4,cold
1049, 1927-05 ,15.9,7.1,11.5,cool
1050, 1927-06 ,22.4,10.5,16.5,cool
1051, 1927-07 ,25.7,15.2,20.5,warm
1052, 1927-08 ,23.7,12.7,18.2,cool
1053, 1927-09 ,22.8,12.1,17.5,cool
1054, 1927-10 ,16.2,7.1,11.7,cool
1055, 1927-11 ,8.7,1.3,5,cold
1056, 1927-12 ,1.7,-4.8,-1.6,v_cold
1057, 1928-01 ,-0.6,-6.9,-3.8,v_cold
1058, 1928-02 ,-0.6,-8.1,-4.4,v_cold
1059, 1928-03 ,3.2,-4.7,-0.8,v_cold
1060, 1928-04 ,10,0.8,5.4,cold
1061, 1928-05 ,17.8,6.8,12.3,cool
1062, 1928-06 ,21.4,11.3,16.4,cool
1063, 1928-07 ,26.4,15.8,21.1,warm
1064, 1928-08 ,26.8,16.1,21.5,warm
1065, 1928-09 ,19.2,9.3,14.3,cool
1066, 1928-10 ,14.9,6,10.5,cool
1067, 1928-11 ,7.4,1.2,4.3,cold
1068, 1928-12 ,3.1,-2.1,0.5,cold
1069, 1929-01 ,-1.4,-8.5,-5,v_cold
1070, 1929-02 ,-2.1,-9.1,-5.6,v_cold
1071, 1929-03 ,6.9,-1.5,2.7,cold
1072, 1929-04 ,12.1,3.1,7.6,cold
1073, 1929-05 ,16.8,6.6,11.7,cool
1074, 1929-06 ,23.5,11.9,17.7,cool
1075, 1929-07 ,26.6,14.2,20.4,warm
1076, 1929-08 ,24.2,12.9,18.6,cool
1077, 1929-09 ,21.7,11.9,16.8,cool
1078, 1929-10 ,13.3,5.1,9.2,cold
1079, 1929-11 ,6.3,0.2,3.3,cold
1080, 1929-12 ,-0.6,-6.8,-3.7,v_cold
1081, 1930-01 ,-1.7,-8.6,-5.2,v_cold
1082, 1930-02 ,1.2,-6.9,-2.9,v_cold
1083, 1930-03 ,2.9,-4,-0.6,v_cold
1084, 1930-04 ,10.6,1.5,6.1,cold
1085, 1930-05 ,19.6,8.7,14.2,cool
1086, 1930-06 ,25,13.8,19.4,cool
1087, 1930-07 ,27.2,15.1,21.2,warm
1088, 1930-08 ,26.5,14.8,20.7,warm
1089, 1930-09 ,22.6,12.1,17.4,cool
1090, 1930-10 ,13.5,5.4,9.5,cold
1091, 1930-11 ,8.2,1.7,5,cold
1092, 1930-12 ,1,-4.6,-1.8,v_cold
1093, 1931-01 ,-0.2,-7.7,-4,v_cold
1094, 1931-02 ,0.7,-6.6,-3,v_cold
1095, 1931-03 ,3.8,-2.2,0.8,cold
1096, 1931-04 ,11.9,2.3,7.1,cold
1097, 1931-05 ,18.9,7.7,13.3,cool
1098, 1931-06 ,24.3,13.4,18.9,cool
1099, 1931-07 ,28.1,18.1,23.1,warm
1100, 1931-08 ,25.8,15.8,20.8,warm
1101, 1931-09 ,24.2,13.6,18.9,cool
1102, 1931-10 ,16.2,7.3,11.8,cool
1103, 1931-11 ,11.1,4.3,7.7,cold
1104, 1931-12 ,3.8,-2.3,0.8,cold
1105, 1932-01 ,4.4,-0.7,1.9,cold
1106, 1932-02 ,2.2,-4.8,-1.3,v_cold
1107, 1932-03 ,1.6,-4.7,-1.6,v_cold
1108, 1932-04 ,9.1,0.8,5,cold
1109, 1932-05 ,17.9,7.9,12.9,cool
1110, 1932-06 ,24.3,14,19.2,cool
1111, 1932-07 ,24.6,15.1,19.9,cool
1112, 1932-08 ,26.3,15.6,21,warm
1113, 1932-09 ,21.5,11.9,16.7,cool
1114, 1932-10 ,14.7,6.8,10.8,cool
1115, 1932-11 ,5.6,-1.4,2.1,cold
1116, 1932-12 ,2.7,-4.4,-0.9,v_cold
1117, 1933-01 ,4.4,-2.6,0.9,cold
1118, 1933-02 ,0.2,-6.7,-3.3,v_cold
1119, 1933-03 ,2.6,-2.9,-0.2,v_cold
1120, 1933-04 ,11.4,3.1,7.3,cold
1121, 1933-05 ,19.3,9,14.2,cool
1122, 1933-06 ,25.7,13.8,19.8,cool
1123, 1933-07 ,28.8,16.7,22.8,warm
1124, 1933-08 ,26.1,15.3,20.7,warm
1125, 1933-09 ,22.1,12.1,17.1,cool
1126, 1933-10 ,13,4.7,8.9,cold
1127, 1933-11 ,3.9,-4.2,-0.2,v_cold
1128, 1933-12 ,-0.3,-8.3,-4.3,v_cold
1129, 1934-01 ,0.3,-7.2,-3.5,v_cold
1130, 1934-02 ,-7.4,-16.7,-12.1,vv_cold
1131, 1934-03 ,1.5,-5.9,-2.2,v_cold
1132, 1934-04 ,10,1.2,5.6,cold
1133, 1934-05 ,20.8,7.8,14.3,cool
1134, 1934-06 ,26.1,13.8,20,cool
1135, 1934-07 ,27.6,16.4,22,warm
1136, 1934-08 ,24.2,13.1,18.7,cool
1137, 1934-09 ,20.9,13.5,17.2,cool
1138, 1934-10 ,13.3,5.2,9.3,cold
1139, 1934-11 ,8.7,2.6,5.7,cold
1140, 1934-12 ,-0.1,-7.1,-3.6,v_cold
1141, 1935-01 ,-2.1,-10.4,-6.3,v_cold
1142, 1935-02 ,-1.8,-8.9,-5.4,v_cold
1143, 1935-03 ,6.2,-2.3,2,cold
1144, 1935-04 ,10.5,2.5,6.5,cold
1145, 1935-05 ,16.2,6.1,11.2,cool
1146, 1935-06 ,22.6,12.7,17.7,cool
1147, 1935-07 ,28.3,18.3,23.3,warm
1148, 1935-08 ,26.1,16,21.1,warm
1149, 1935-09 ,19.8,9.9,14.9,cool
1150, 1935-10 ,15.1,5.2,10.2,cool
1151, 1935-11 ,7.2,1.6,4.4,cold
1152, 1935-12 ,-2.3,-8.1,-5.2,v_cold
1153, 1936-01 ,-2.3,-8.3,-5.3,v_cold
1154, 1936-02 ,-4,-12.1,-8.1,v_cold
1155, 1936-03 ,4.8,-2.1,1.4,cold
1156, 1936-04 ,7.7,0.8,4.3,cold
1157, 1936-05 ,21.2,8.5,14.9,cool
1158, 1936-06 ,23.9,12.7,18.3,cool
1159, 1936-07 ,28.9,16.8,22.9,warm
1160, 1936-08 ,26.1,15,20.6,warm
1161, 1936-09 ,22,12.1,17.1,cool
1162, 1936-10 ,13.8,5.1,9.5,cold
1163, 1936-11 ,5.2,-2.5,1.4,cold
1164, 1936-12 ,3.3,-3.8,-0.3,v_cold
1165, 1937-01 ,3,-3.9,-0.5,v_cold
1166, 1937-02 ,1,-5.4,-2.2,v_cold
1167, 1937-03 ,1.5,-5.3,-1.9,v_cold
1168, 1937-04 ,9.8,2.7,6.3,cold
1169, 1937-05 ,18.6,8.8,13.7,cool
1170, 1937-06 ,23.6,14.1,18.9,cool
1171, 1937-07 ,26.9,16.8,21.9,warm
1172, 1937-08 ,27.7,17.4,22.6,warm
1173, 1937-09 ,21.1,10.2,15.7,cool
1174, 1937-10 ,12.2,5.1,8.7,cold
1175, 1937-11 ,6.6,0.7,3.7,cold
1176, 1937-12 ,0.6,-5.6,-2.5,v_cold
1177, 1938-01 ,-1.8,-8.9,-5.4,v_cold
1178, 1938-02 ,1.1,-6.4,-2.7,v_cold
1179, 1938-03 ,6.7,-2.4,2.2,cold
1180, 1938-04 ,12.4,3.5,8,cold
1181, 1938-05 ,17.7,8.1,12.9,cool
1182, 1938-06 ,24.3,13.2,18.8,cool
1183, 1938-07 ,27.5,16.8,22.2,warm
1184, 1938-08 ,28.2,17.3,22.8,warm
1185, 1938-09 ,19.6,10.4,15,cool
1186, 1938-10 ,15.8,6.6,11.2,cool
1187, 1938-11 ,9.3,0.9,5.1,cold
1188, 1938-12 ,2.2,-3.4,-0.6,v_cold
1189, 1939-01 ,-0.9,-8.3,-4.6,v_cold
1190, 1939-02 ,0.2,-8.1,-4,v_cold
1191, 1939-03 ,1.6,-5.2,-1.8,v_cold
1192, 1939-04 ,8.2,1.4,4.8,cold
1193, 1939-05 ,19.7,9.1,14.4,cool
1194, 1939-06 ,23.4,13.9,18.7,cool
1195, 1939-07 ,27.6,16.7,22.2,warm
1196, 1939-08 ,27.4,17.4,22.4,warm
1197, 1939-09 ,21,12.1,16.6,cool
1198, 1939-10 ,14.1,6.2,10.2,cool
1199, 1939-11 ,6.4,-0.9,2.8,cold
1200, 1939-12 ,2.3,-2.9,-0.3,v_cold
1201, 1940-01 ,-4.2,-10.8,-7.5,v_cold
1202, 1940-02 ,-1.1,-7.3,-4.2,v_cold
1203, 1940-03 ,0,-6.3,-3.2,v_cold
1204, 1940-04 ,9.6,0.9,5.3,cold
1205, 1940-05 ,16.7,7.9,12.3,cool
1206, 1940-06 ,22.4,12.4,17.4,cool
1207, 1940-07 ,26.8,16.3,21.6,warm
1208, 1940-08 ,24.9,16.2,20.6,warm
1209, 1940-09 ,20.8,11.8,16.3,cool
1210, 1940-10 ,13.1,4.7,8.9,cold
1211, 1940-11 ,6.1,0.7,3.4,cold
1212, 1940-12 ,1.8,-4.2,-1.2,v_cold
1213, 1941-01 ,-1.9,-8.6,-5.3,v_cold
1214, 1941-02 ,-1.3,-7.6,-4.5,v_cold
1215, 1941-03 ,1.3,-6.6,-2.7,v_cold
1216, 1941-04 ,15.5,5.2,10.4,cool
1217, 1941-05 ,20.2,9.3,14.8,cool
1218, 1941-06 ,26,14.9,20.5,warm
1219, 1941-07 ,27.4,17.2,22.3,warm
1220, 1941-08 ,25.3,14.9,20.1,warm
1221, 1941-09 ,22.5,12.4,17.5,cool
1222, 1941-10 ,14.8,7.4,11.1,cool
1223, 1941-11 ,8.8,2.6,5.7,cold
1224, 1941-12 ,3.1,-2.7,0.2,cold
1225, 1942-01 ,-0.6,-7.3,-4,v_cold
1226, 1942-02 ,-3.3,-9,-6.2,v_cold
1227, 1942-03 ,4.9,-0.2,2.4,cold
1228, 1942-04 ,14.5,5.3,9.9,cold
1229, 1942-05 ,17.9,9.3,13.6,cool
1230, 1942-06 ,23.6,14.3,19,cool
1231, 1942-07 ,26.4,16.1,21.3,warm
1232, 1942-08 ,25.4,16,20.7,warm
1233, 1942-09 ,21.1,11.7,16.4,cool
1234, 1942-10 ,14.7,6.8,10.8,cool
1235, 1942-11 ,7.8,1,4.4,cold
1236, 1942-12 ,-1,-6.9,-4,v_cold
1237, 1943-01 ,-3.8,-10,-6.9,v_cold
1238, 1943-02 ,0.3,-7.3,-3.5,v_cold
1239, 1943-03 ,2.7,-4.8,-1.1,v_cold
1240, 1943-04 ,7.6,0.3,4,cold
1241, 1943-05 ,16.7,8.9,12.8,cool
1242, 1943-06 ,26.1,15.4,20.8,warm
1243, 1943-07 ,26.8,16.9,21.9,warm
1244, 1943-08 ,25.4,15.6,20.5,warm
1245, 1943-09 ,20.3,10.8,15.6,cool
1246, 1943-10 ,13.5,5.2,9.4,cold
1247, 1943-11 ,6,0.6,3.3,cold
1248, 1943-12 ,0.8,-6.6,-2.9,v_cold
1249, 1944-01 ,1.8,-4,-1.1,v_cold
1250, 1944-02 ,-0.2,-7.2,-3.7,v_cold
1251, 1944-03 ,1.6,-5.4,-1.9,v_cold
1252, 1944-04 ,8.7,0.9,4.8,cold
1253, 1944-05 ,20.4,10.7,15.6,cool
1254, 1944-06 ,23.9,14.2,19.1,cool
1255, 1944-07 ,27.4,16.6,22,warm
1256, 1944-08 ,27.7,16.8,22.3,warm
1257, 1944-09 ,21.2,12.4,16.8,cool
1258, 1944-10 ,15,5.5,10.3,cool
1259, 1944-11 ,7.2,1.7,4.5,cold
1260, 1944-12 ,-0.4,-6.3,-3.4,v_cold
1261, 1945-01 ,-5.9,-12.9,-9.4,v_cold
1262, 1945-02 ,-0.3,-6.4,-3.4,v_cold
1263, 1945-03 ,10.8,1.6,6.2,cold
1264, 1945-04 ,13,4.3,8.7,cold
1265, 1945-05 ,14.5,6.1,10.3,cool
1266, 1945-06 ,22.3,12.5,17.4,cool
1267, 1945-07 ,25.4,15.7,20.6,warm
1268, 1945-08 ,25.8,16.1,21,warm
1269, 1945-09 ,21.3,12.3,16.8,cool
1270, 1945-10 ,13.6,4.8,9.2,cold
1271, 1945-11 ,7.5,1.3,4.4,cold
1272, 1945-12 ,-1.1,-7.3,-4.2,v_cold
1273, 1946-01 ,0,-6.8,-3.4,v_cold
1274, 1946-02 ,-1,-9.4,-5.2,v_cold
1275, 1946-03 ,10.6,1.6,6.1,cold
1276, 1946-04 ,12,2.2,7.1,cold
1277, 1946-05 ,17.3,7.6,12.5,cool
1278, 1946-06 ,23.7,12.8,18.3,cool
1279, 1946-07 ,26.9,15.7,21.3,warm
1280, 1946-08 ,23.8,14.2,19,cool
1281, 1946-09 ,22.4,11.9,17.2,cool
1282, 1946-10 ,17.3,7.3,12.3,cool
1283, 1946-11 ,8.8,2.9,5.9,cold
1284, 1946-12 ,1.8,-4.7,-1.5,v_cold
1285, 1947-01 ,0.8,-6.7,-3,v_cold
1286, 1947-02 ,-2.1,-8.6,-5.4,v_cold
1287, 1947-03 ,2.8,-3.9,-0.6,v_cold
1288, 1947-04 ,10.1,1.5,5.8,cold
1289, 1947-05 ,16.2,6.3,11.3,cool
1290, 1947-06 ,23.2,13.1,18.2,cool
1291, 1947-07 ,25.7,16.4,21.1,warm
1292, 1947-08 ,27.8,18.2,23,warm
1293, 1947-09 ,22.4,12.6,17.5,cool
1294, 1947-10 ,19.4,9.7,14.6,cool
1295, 1947-11 ,6.8,0.8,3.8,cold
1296, 1947-12 ,0.4,-5.7,-2.7,v_cold
1297, 1948-01 ,-3.6,-10.9,-7.3,v_cold
1298, 1948-02 ,-1.2,-8.7,-5,v_cold
1299, 1948-03 ,4.4,-4.3,0.1,cold
1300, 1948-04 ,12.9,4.1,8.5,cold
1301, 1948-05 ,16.3,7.4,11.9,cool
1302, 1948-06 ,23.8,13.7,18.8,cool
1303, 1948-07 ,27.3,16.6,22,warm
1304, 1948-08 ,27.2,16.2,21.7,warm
1305, 1948-09 ,24.2,13.8,19,cool
1306, 1948-10 ,12.6,6.2,9.4,cold
1307, 1948-11 ,10,4.9,7.5,cold
1308, 1948-12 ,2.6,-3.3,-0.4,v_cold
1309, 1949-01 ,1.4,-4.6,-1.6,v_cold
1310, 1949-02 ,2.3,-5.1,-1.4,v_cold
1311, 1949-03 ,3.9,-3.2,0.4,cold
1312, 1949-04 ,12.3,3.1,7.7,cold
1313, 1949-05 ,20.5,8.8,14.7,cool
1314, 1949-06 ,28.1,16.6,22.4,warm
1315, 1949-07 ,28.4,18.2,23.3,warm
1316, 1949-08 ,28.2,17.4,22.8,warm
1317, 1949-09 ,19.8,10.4,15.1,cool
1318, 1949-10 ,17.2,9,13.1,cool
1319, 1949-11 ,5.9,-0.1,2.9,cold
1320, 1949-12 ,3.2,-2.8,0.2,cold
1321, 1950-01 ,3.8,-4,-0.1,v_cold
1322, 1950-02 ,-1.2,-8,-4.6,v_cold
1323, 1950-03 ,1.4,-5.8,-2.2,v_cold
1324, 1950-04 ,8.5,0.6,4.6,cold
1325, 1950-05 ,18,8.3,13.2,cool
1326, 1950-06 ,23.9,12.7,18.3,cool
1327, 1950-07 ,25.9,15.7,20.8,warm
1328, 1950-08 ,25.3,15.4,20.4,warm
1329, 1950-09 ,19.7,11.3,15.5,cool
1330, 1950-10 ,16.2,8.2,12.2,cool
1331, 1950-11 ,7.1,0.3,3.7,cold
1332, 1950-12 ,0.9,-4.6,-1.9,v_cold
1333, 1951-01 ,0.6,-5.7,-2.6,v_cold
1334, 1951-02 ,0.8,-5.8,-2.5,v_cold
1335, 1951-03 ,4.9,-1.4,1.8,cold
1336, 1951-04 ,11.3,3.8,7.6,cold
1337, 1951-05 ,20.1,9.5,14.8,cool
1338, 1951-06 ,23.1,14.2,18.7,cool
1339, 1951-07 ,26.9,16.8,21.9,warm
1340, 1951-08 ,25.6,15.4,20.5,warm
1341, 1951-09 ,22.1,11.3,16.7,cool
1342, 1951-10 ,15.4,7.4,11.4,cool
1343, 1951-11 ,4.9,-1.6,1.7,cold
1344, 1951-12 ,1.8,-5.1,-1.7,v_cold
1345, 1952-01 ,0.8,-6,-2.6,v_cold
1346, 1952-02 ,1.1,-4.7,-1.8,v_cold
1347, 1952-03 ,3.2,-2.9,0.2,cold
1348, 1952-04 ,14.3,5.2,9.8,cold
1349, 1952-05 ,17.7,7.6,12.7,cool
1350, 1952-06 ,24.8,14.6,19.7,cool
1351, 1952-07 ,28.7,18.2,23.5,warm
1352, 1952-08 ,25.7,15.9,20.8,warm
1353, 1952-09 ,23.2,12.7,18,cool
1354, 1952-10 ,13,3.9,8.5,cold
1355, 1952-11 ,8.6,2.7,5.7,cold
1356, 1952-12 ,3.3,-1.3,1,cold
1357, 1953-01 ,1.7,-4.2,-1.3,v_cold
1358, 1953-02 ,2.3,-3.8,-0.8,v_cold
1359, 1953-03 ,5.8,-0.8,2.5,cold
1360, 1953-04 ,10.6,3.4,7,cold
1361, 1953-05 ,18.1,9.5,13.8,cool
1362, 1953-06 ,24.5,14.6,19.6,cool
1363, 1953-07 ,27.5,17.1,22.3,warm
1364, 1953-08 ,27.3,16.7,22,warm
1365, 1953-09 ,22.3,12.4,17.4,cool
1366, 1953-10 ,16.5,7.4,12,cool
1367, 1953-11 ,9.8,3.7,6.8,cold
1368, 1953-12 ,3.8,-1.7,1.1,cold
1369, 1954-01 ,-2.2,-9.7,-6,v_cold
1370, 1954-02 ,3.8,-2.9,0.5,cold
1371, 1954-03 ,3.3,-3.3,0,v_cold
1372, 1954-04 ,12.3,3.4,7.9,cold
1373, 1954-05 ,17.3,7.7,12.5,cool
1374, 1954-06 ,24.4,15.3,19.9,cool
1375, 1954-07 ,26.9,16.1,21.5,warm
1376, 1954-08 ,24.8,15.3,20.1,warm
1377, 1954-09 ,20.4,12.6,16.5,cool
1378, 1954-10 ,15.6,8.3,12,cool
1379, 1954-11 ,8.2,2.3,5.3,cold
1380, 1954-12 ,0.9,-4.4,-1.8,v_cold
1381, 1955-01 ,-1.2,-6.5,-3.9,v_cold
1382, 1955-02 ,0.1,-6.1,-3,v_cold
1383, 1955-03 ,3.8,-3.4,0.2,cold
1384, 1955-04 ,14.7,6.2,10.5,cool
1385, 1955-05 ,20.7,10.2,15.5,cool
1386, 1955-06 ,25.1,15.2,20.2,warm
1387, 1955-07 ,29.9,19.3,24.6,warm
1388, 1955-08 ,27.7,19.2,23.5,warm
1389, 1955-09 ,21.6,12.1,16.9,cool
1390, 1955-10 ,16.1,8.2,12.2,cool
1391, 1955-11 ,6.4,0.9,3.7,cold
1392, 1955-12 ,-0.7,-6.9,-3.8,v_cold
1393, 1956-01 ,-1,-6.8,-3.9,v_cold
1394, 1956-02 ,0.7,-5.1,-2.2,v_cold
1395, 1956-03 ,2.3,-4.1,-0.9,v_cold
1396, 1956-04 ,9.4,1.6,5.5,cold
1397, 1956-05 ,15.8,6.4,11.1,cool
1398, 1956-06 ,23.8,14.5,19.2,cool
1399, 1956-07 ,24.9,15.9,20.4,warm
1400, 1956-08 ,24.7,15.7,20.2,warm
1401, 1956-09 ,19,9.8,14.4,cool
1402, 1956-10 ,16.6,7.7,12.2,cool
1403, 1956-11 ,8,2.4,5.2,cold
1404, 1956-12 ,3.1,-3,0.1,cold
1405, 1957-01 ,-3.1,-9.9,-6.5,v_cold
1406, 1957-02 ,1.7,-4.4,-1.4,v_cold
1407, 1957-03 ,5.3,-1,2.2,cold
1408, 1957-04 ,12.7,4.5,8.6,cold
1409, 1957-05 ,17.2,7.9,12.6,cool
1410, 1957-06 ,24.5,15.5,20,cool
1411, 1957-07 ,26.7,16.3,21.5,warm
1412, 1957-08 ,25.1,15.3,20.2,warm
1413, 1957-09 ,21.2,12.4,16.8,cool
1414, 1957-10 ,14.3,6.4,10.4,cool
1415, 1957-11 ,8.6,2.6,5.6,cold
1416, 1957-12 ,4.1,-1.8,1.2,cold
1417, 1958-01 ,-0.9,-6.6,-3.8,v_cold
1418, 1958-02 ,-3.2,-9.1,-6.2,v_cold
1419, 1958-03 ,5.4,-0.3,2.6,cold
1420, 1958-04 ,13.7,4.5,9.1,cold
1421, 1958-05 ,17.9,7.4,12.7,cool
1422, 1958-06 ,21.7,11,16.4,cool
1423, 1958-07 ,26.3,16.8,21.6,warm
1424, 1958-08 ,25.9,15.6,20.8,warm
1425, 1958-09 ,21.3,12.8,17.1,cool
1426, 1958-10 ,14.6,7,10.8,cool
1427, 1958-11 ,8.9,1.7,5.3,cold
1428, 1958-12 ,-1.7,-8.6,-5.2,v_cold
1429, 1959-01 ,-2.3,-9.3,-5.8,v_cold
1430, 1959-02 ,-1.8,-9.6,-5.7,v_cold
1431, 1959-03 ,2.9,-4.1,-0.6,v_cold
1432, 1959-04 ,12.7,3.4,8.1,cold
1433, 1959-05 ,19.4,9.6,14.5,cool
1434, 1959-06 ,25.5,15.1,20.3,warm
1435, 1959-07 ,28.1,17.6,22.9,warm
1436, 1959-08 ,28.7,19.6,24.2,warm
1437, 1959-09 ,23.8,14.8,19.3,cool
1438, 1959-10 ,13.5,7.3,10.4,cool
1439, 1959-11 ,6.1,-0.1,3,cold
1440, 1959-12 ,2.1,-2.4,-0.2,v_cold
1441, 1960-01 ,-0.8,-6.1,-3.5,v_cold
1442, 1960-02 ,0.2,-5.9,-2.9,v_cold
1443, 1960-03 ,-0.2,-7.3,-3.8,v_cold
1444, 1960-04 ,11.9,4.1,8,cold
1445, 1960-05 ,17.9,9.8,13.9,cool
1446, 1960-06 ,23.5,13.7,18.6,cool
1447, 1960-07 ,25.9,15.8,20.9,warm
1448, 1960-08 ,25.9,16.2,21.1,warm
1449, 1960-09 ,23,14.1,18.6,cool
1450, 1960-10 ,15.2,6.7,11,cool
1451, 1960-11 ,9.6,3.5,6.6,cold
1452, 1960-12 ,-0.6,-7.2,-3.9,v_cold
1453, 1961-01 ,-3.3,-9.5,-6.4,v_cold
1454, 1961-02 ,2.3,-4.7,-1.2,v_cold
1455, 1961-03 ,4.2,-1.9,1.2,cold
1456, 1961-04 ,8.6,2.2,5.4,cold
1457, 1961-05 ,17.2,7.6,12.4,cool
1458, 1961-06 ,23.2,12.9,18.1,cool
1459, 1961-07 ,26.6,17.1,21.9,warm
1460, 1961-08 ,25.8,16.9,21.4,warm
1461, 1961-09 ,25.1,15.6,20.4,warm
1462, 1961-10 ,17.7,8.3,13,cool
1463, 1961-11 ,8.1,1.5,4.8,cold
1464, 1961-12 ,1.8,-4.2,-1.2,v_cold
1465, 1962-01 ,-1.4,-9.4,-5.4,v_cold
1466, 1962-02 ,-2.3,-10.1,-6.2,v_cold
1467, 1962-03 ,4.8,-2.1,1.4,cold
1468, 1962-04 ,12.6,3.2,7.9,cold
1469, 1962-05 ,21.5,11.2,16.4,cool
1470, 1962-06 ,24.4,14.7,19.6,cool
1471, 1962-07 ,25.3,15.9,20.6,warm
1472, 1962-08 ,26,16.4,21.2,warm
1473, 1962-09 ,19.7,11.6,15.7,cool
1474, 1962-10 ,15.1,7.7,11.4,cool
1475, 1962-11 ,7.1,1.1,4.1,cold
1476, 1962-12 ,0.7,-6.1,-2.7,v_cold
1477, 1963-01 ,-3.6,-10.1,-6.9,v_cold
1478, 1963-02 ,-3.3,-11.7,-7.5,v_cold
1479, 1963-03 ,6.2,-2.2,2,cold
1480, 1963-04 ,13.2,2.7,8,cold
1481, 1963-05 ,17.7,7.5,12.6,cool
1482, 1963-06 ,25.4,14.2,19.8,cool
1483, 1963-07 ,27.4,17.1,22.3,warm
1484, 1963-08 ,24.4,14.8,19.6,cool
1485, 1963-09 ,20,10,15,cool
1486, 1963-10 ,19.9,9.2,14.6,cool
1487, 1963-11 ,10.2,4.4,7.3,cold
1488, 1963-12 ,-1.9,-8.6,-5.3,v_cold
1489, 1964-01 ,1.4,-5,-1.8,v_cold
1490, 1964-02 ,0.8,-7.1,-3.2,v_cold
1491, 1964-03 ,4.2,-2.8,0.7,cold
1492, 1964-04 ,11.2,2.8,7,cold
1493, 1964-05 ,20.9,10.2,15.6,cool
1494, 1964-06 ,24.1,13.4,18.8,cool
1495, 1964-07 ,27.6,18.3,23,warm
1496, 1964-08 ,23.1,14,18.6,cool
1497, 1964-09 ,21,11.6,16.3,cool
1498, 1964-10 ,14.7,5.3,10,cold
1499, 1964-11 ,9.1,2.4,5.8,cold
1500, 1964-12 ,2,-4.1,-1.1,v_cold
1501, 1965-01 ,-1.3,-8.8,-5.1,v_cold
1502, 1965-02 ,-0.2,-8.2,-4.2,v_cold
1503, 1965-03 ,2.1,-3.6,-0.8,v_cold
1504, 1965-04 ,9.2,1.6,5.4,cold
1505, 1965-05 ,20.3,10.2,15.3,cool
1506, 1965-06 ,23.6,13.3,18.5,cool
1507, 1965-07 ,24.4,14.7,19.6,cool
1508, 1965-08 ,24.4,15.3,19.9,cool
1509, 1965-09 ,20.8,12.9,16.9,cool
1510, 1965-10 ,13.2,5.4,9.3,cold
1511, 1965-11 ,7.6,1.3,4.5,cold
1512, 1965-12 ,4.1,-1.6,1.3,cold
1513, 1966-01 ,-1.8,-10,-5.9,v_cold
1514, 1966-02 ,0.1,-6,-3,v_cold
1515, 1966-03 ,5.8,-1.7,2.1,cold
1516, 1966-04 ,10.1,2.6,6.4,cold
1517, 1966-05 ,15.8,6.2,11,cool
1518, 1966-06 ,25.4,14.7,20.1,warm
1519, 1966-07 ,28.5,17.8,23.2,warm
1520, 1966-08 ,25.6,16.3,21,warm
1521, 1966-09 ,20.6,11.1,15.9,cool
1522, 1966-10 ,14.3,5.5,9.9,cold
1523, 1966-11 ,8.8,2.4,5.6,cold
1524, 1966-12 ,1.4,-4.7,-1.7,v_cold
1525, 1967-01 ,2.4,-4.4,-1,v_cold
1526, 1967-02 ,-1.8,-11.4,-6.6,v_cold
1527, 1967-03 ,3.2,-4.4,-0.6,v_cold
1528, 1967-04 ,12,2.5,7.3,cold
1529, 1967-05 ,14.3,6.1,10.2,cool
1530, 1967-06 ,25.8,16,20.9,warm
1531, 1967-07 ,25.1,16.6,20.9,warm
1532, 1967-08 ,24.3,15.4,19.9,cool
1533, 1967-09 ,21.2,10.9,16.1,cool
1534, 1967-10 ,14.1,6.8,10.5,cool
1535, 1967-11 ,5.5,-0.4,2.6,cold
1536, 1967-12 ,3.1,-3.2,-0.1,v_cold
1537, 1968-01 ,-2.7,-9.7,-6.2,v_cold
1538, 1968-02 ,-1.9,-9.9,-5.9,v_cold
1539, 1968-03 ,6.4,-2.2,2.1,cold
1540, 1968-04 ,14.4,4.2,9.3,cold
1541, 1968-05 ,15.2,7.8,11.5,cool
1542, 1968-06 ,23,13.1,18.1,cool
1543, 1968-07 ,26.7,16.3,21.5,warm
1544, 1968-08 ,25.9,15.8,20.9,warm
1545, 1968-09 ,22.6,14.7,18.7,cool
1546, 1968-10 ,16.1,8.3,12.2,cool
1547, 1968-11 ,7.1,1.5,4.3,cold
1548, 1968-12 ,0.3,-6.3,-3,v_cold
1549, 1969-01 ,-0.8,-7.3,-4.1,v_cold
1550, 1969-02 ,0.5,-5.6,-2.6,v_cold
1551, 1969-03 ,3.6,-3.9,-0.2,v_cold
1552, 1969-04 ,13.1,3.7,8.4,cold
1553, 1969-05 ,17.9,8.2,13.1,cool
1554, 1969-06 ,22.1,12.9,17.5,cool
1555, 1969-07 ,26.7,17.7,22.2,warm
1556, 1969-08 ,28.2,17.8,23,warm
1557, 1969-09 ,22.3,13.3,17.8,cool
1558, 1969-10 ,14.2,6.9,10.6,cool
1559, 1969-11 ,7.3,2.3,4.8,cold
1560, 1969-12 ,-0.7,-6.1,-3.4,v_cold
1561, 1970-01 ,-3.9,-10.8,-7.4,v_cold
1562, 1970-02 ,-0.6,-8.4,-4.5,v_cold
1563, 1970-03 ,3,-3.6,-0.3,v_cold
1564, 1970-04 ,12.9,3.9,8.4,cold
1565, 1970-05 ,17.9,9.2,13.6,cool
1566, 1970-06 ,24.3,14.9,19.6,cool
1567, 1970-07 ,26.8,18.1,22.5,warm
1568, 1970-08 ,26.8,17.6,22.2,warm
1569, 1970-09 ,21.6,13.7,17.7,cool
1570, 1970-10 ,15.3,9.3,12.3,cool
1571, 1970-11 ,8.7,3.9,6.3,cold
1572, 1970-12 ,-0.3,-5.6,-3,v_cold
1573, 1971-01 ,-3.4,-10.2,-6.8,v_cold
1574, 1971-02 ,0,-5.6,-2.8,v_cold
1575, 1971-03 ,2.3,-3.7,-0.7,v_cold
1576, 1971-04 ,10.4,1.9,6.2,cold
1577, 1971-05 ,18.1,8.9,13.5,cool
1578, 1971-06 ,24.4,15,19.7,cool
1579, 1971-07 ,25.9,16.8,21.4,warm
1580, 1971-08 ,25.3,16.2,20.8,warm
1581, 1971-09 ,22.8,15.5,19.2,cool
1582, 1971-10 ,17.8,11.2,14.5,cool
1583, 1971-11 ,7.2,1.6,4.4,cold
1584, 1971-12 ,3.9,-2.3,0.8,cold
1585, 1972-01 ,0.1,-7.1,-3.5,v_cold
1586, 1972-02 ,-1.4,-8.2,-4.8,v_cold
1587, 1972-03 ,1.3,-4.8,-1.8,v_cold
1588, 1972-04 ,9,1.6,5.3,cold
1589, 1972-05 ,19.9,10.7,15.3,cool
1590, 1972-06 ,21.6,13.4,17.5,cool
1591, 1972-07 ,26.6,18,22.3,warm
1592, 1972-08 ,24.3,16.8,20.6,warm
1593, 1972-09 ,21.4,14.4,17.9,cool
1594, 1972-10 ,11.7,5.8,8.8,cold
1595, 1972-11 ,5.1,1.7,3.4,cold
1596, 1972-12 ,2.3,-3.7,-0.7,v_cold
1597, 1973-01 ,0.9,-5.2,-2.2,v_cold
1598, 1973-02 ,-1.6,-8.1,-4.9,v_cold
1599, 1973-03 ,7.8,1.9,4.9,cold
1600, 1973-04 ,11.3,4.2,7.8,cold
1601, 1973-05 ,15.4,8.6,12,cool
1602, 1973-06 ,23.9,16,20,cool
1603, 1973-07 ,26.9,18.8,22.9,warm
1604, 1973-08 ,27.7,19.7,23.7,warm
1605, 1973-09 ,21.8,14,17.9,cool
1606, 1973-10 ,15.9,9.5,12.7,cool
1607, 1973-11 ,8.1,2.9,5.5,cold
1608, 1973-12 ,0.6,-4.4,-1.9,v_cold
1609, 1974-01 ,0.3,-6.2,-3,v_cold
1610, 1974-02 ,-2,-8.7,-5.4,v_cold
1611, 1974-03 ,3.6,-2.7,0.5,cold
1612, 1974-04 ,12.9,4.6,8.8,cold
1613, 1974-05 ,15.7,7.8,11.8,cool
1614, 1974-06 ,21.9,14.4,18.2,cool
1615, 1974-07 ,26.7,18,22.4,warm
1616, 1974-08 ,25.9,18.3,22.1,warm
1617, 1974-09 ,19.6,11.9,15.8,cool
1618, 1974-10 ,12.7,5.4,9.1,cold
1619, 1974-11 ,7.3,2.6,5,cold
1620, 1974-12 ,3.3,-0.8,1.3,cold
1621, 1975-01 ,2.1,-4,-1,v_cold
1622, 1975-02 ,0.8,-4.3,-1.8,v_cold
1623, 1975-03 ,2.4,-3.6,-0.6,v_cold
1624, 1975-04 ,7.7,1,4.4,cold
1625, 1975-05 ,21.4,12.6,17,cool
1626, 1975-06 ,23.9,16.2,20.1,warm
1627, 1975-07 ,27.8,18.8,23.3,warm
1628, 1975-08 ,25.6,17.9,21.8,warm
1629, 1975-09 ,18.9,11.8,15.4,cool
1630, 1975-10 ,15.2,8.7,12,cool
1631, 1975-11 ,11.4,5.6,8.5,cold
1632, 1975-12 ,0.9,-5.4,-2.3,v_cold
1633, 1976-01 ,-2.3,-10.5,-6.4,v_cold
1634, 1976-02 ,3.6,-3.8,-0.1,v_cold
1635, 1976-03 ,5.7,-1.7,2,cold
1636, 1976-04 ,13.7,4.8,9.3,cold
1637, 1976-05 ,16.3,8.4,12.4,cool
1638, 1976-06 ,25,16.8,20.9,warm
1639, 1976-07 ,24.2,16.9,20.6,warm
1640, 1976-08 ,24.7,16.7,20.7,warm
1641, 1976-09 ,20.6,12.4,16.5,cool
1642, 1976-10 ,11.5,5.3,8.4,cold
1643, 1976-11 ,5.3,-0.9,2.2,cold
1644, 1976-12 ,-1.1,-8.9,-5,v_cold
1645, 1977-01 ,-5.7,-12.4,-9.1,v_cold
1646, 1977-02 ,-0.7,-6.9,-3.8,v_cold
1647, 1977-03 ,7.7,0.4,4.1,cold
1648, 1977-04 ,13.4,4.4,8.9,cold
1649, 1977-05 ,21.7,11.2,16.5,cool
1650, 1977-06 ,23.2,13.9,18.6,cool
1651, 1977-07 ,26.6,18,22.3,warm
1652, 1977-08 ,24.5,16.3,20.4,warm
1653, 1977-09 ,20.1,14.3,17.2,cool
1654, 1977-10 ,13.6,6.9,10.3,cool
1655, 1977-11 ,8.3,3.4,5.9,cold
1656, 1977-12 ,0.5,-4.4,-2,v_cold
1657, 1978-01 ,-3.6,-9.8,-6.7,v_cold
1658, 1978-02 ,-3.7,-9.9,-6.8,v_cold
1659, 1978-03 ,1.9,-4.4,-1.3,v_cold
1660, 1978-04 ,9.5,2.3,5.9,cold
1661, 1978-05 ,18.7,10,14.4,cool
1662, 1978-06 ,23.3,13.6,18.5,cool
1663, 1978-07 ,25.8,17.1,21.5,warm
1664, 1978-08 ,25.2,16.9,21.1,warm
1665, 1978-09 ,20.4,12.5,16.5,cool
1666, 1978-10 ,13.4,6.8,10.1,cool
1667, 1978-11 ,7.7,1.5,4.6,cold
1668, 1978-12 ,2.3,-4,-0.9,v_cold
1669, 1979-01 ,-3.4,-8.5,-6,v_cold
1670, 1979-02 ,-5.6,-11.9,-8.8,v_cold
1671, 1979-03 ,6.6,-0.8,2.9,cold
1672, 1979-04 ,10,3.1,6.6,cold
1673, 1979-05 ,17,8.3,12.7,cool
1674, 1979-06 ,22.7,13.8,18.3,cool
1675, 1979-07 ,26.2,17.5,21.9,warm
1676, 1979-08 ,23.7,16,19.9,cool
1677, 1979-09 ,21,12.3,16.7,cool
1678, 1979-10 ,12.3,6.7,9.5,cold
1679, 1979-11 ,8.3,2.5,5.4,cold
1680, 1979-12 ,3.2,-2.7,0.3,cold
1681, 1980-01 ,-0.7,-6.4,-3.6,v_cold
1682, 1980-02 ,-2.8,-8.5,-5.7,v_cold
1683, 1980-03 ,2.9,-3,-0.1,v_cold
1684, 1980-04 ,11.1,4.4,7.8,cold
1685, 1980-05 ,19.9,11,15.5,cool
1686, 1980-06 ,20.3,11.8,16.1,cool
1687, 1980-07 ,26.1,17.6,21.9,warm
1688, 1980-08 ,26.2,18.8,22.5,warm
1689, 1980-09 ,20.8,12.9,16.9,cool
1690, 1980-10 ,11.2,6,8.6,cold
1691, 1980-11 ,5.8,1.2,3.5,cold
1692, 1980-12 ,-0.9,-7.7,-4.3,v_cold
1693, 1981-01 ,-4.9,-10.9,-7.9,v_cold
1694, 1981-02 ,2.7,-3.4,-0.4,v_cold
1695, 1981-03 ,5.5,-1.8,1.9,cold
1696, 1981-04 ,12.3,4.3,8.3,cold
1697, 1981-05 ,17.6,9,13.3,cool
1698, 1981-06 ,23,14.7,18.9,cool
1699, 1981-07 ,26.2,18.1,22.2,warm
1700, 1981-08 ,24.4,17.2,20.8,warm
1701, 1981-09 ,19.2,12.9,16.1,cool
1702, 1981-10 ,11.2,5.3,8.3,cold
1703, 1981-11 ,7.8,2.3,5.1,cold
1704, 1981-12 ,1.1,-3.3,-1.1,v_cold
1705, 1982-01 ,-3.8,-11.8,-7.8,v_cold
1706, 1982-02 ,-1.8,-7.6,-4.7,v_cold
1707, 1982-03 ,3.3,-2.9,0.2,cold
1708, 1982-04 ,10.1,1.6,5.9,cold
1709, 1982-05 ,19.3,11.1,15.2,cool
1710, 1982-06 ,20.2,12.9,16.6,cool
1711, 1982-07 ,26.6,17.8,22.2,warm
1712, 1982-08 ,22.9,14.7,18.8,cool
1713, 1982-09 ,19.7,12.5,16.1,cool
1714, 1982-10 ,14.8,7.7,11.3,cool
1715, 1982-11 ,8.1,3.1,5.6,cold
1716, 1982-12 ,5.1,-0.6,2.3,cold
1717, 1983-01 ,0.3,-4.8,-2.3,v_cold
1718, 1983-02 ,1.3,-4.3,-1.5,v_cold
1719, 1983-03 ,5,-0.7,2.2,cold
1720, 1983-04 ,10.2,3.5,6.9,cold
1721, 1983-05 ,15.2,7.3,11.3,cool
1722, 1983-06 ,24.6,15.3,20,cool
1723, 1983-07 ,27.9,18.8,23.4,warm
1724, 1983-08 ,26.4,18.4,22.4,warm
1725, 1983-09 ,22.6,13.8,18.2,cool
1726, 1983-10 ,14.3,7.4,10.9,cool
1727, 1983-11 ,7.2,1.8,4.5,cold
1728, 1983-12 ,-1.6,-6.7,-4.2,v_cold
1729, 1984-01 ,-3.5,-9.7,-6.6,v_cold
1730, 1984-02 ,3.3,-2.3,0.5,cold
1731, 1984-03 ,0.6,-5.8,-2.6,v_cold
1732, 1984-04 ,11.5,4.9,8.2,cold
1733, 1984-05 ,15.4,8,11.7,cool
1734, 1984-06 ,24.2,15.2,19.7,cool
1735, 1984-07 ,25.4,16.9,21.2,warm
1736, 1984-08 ,26.2,18.4,22.3,warm
1737, 1984-09 ,19.1,12.1,15.6,cool
1738, 1984-10 ,15.1,8.9,12,cool
1739, 1984-11 ,7.6,2,4.8,cold
1740, 1984-12 ,4.5,-1.1,1.7,cold
1741, 1985-01 ,-3.4,-9,-6.2,v_cold
1742, 1985-02 ,-1,-5.9,-3.5,v_cold
1743, 1985-03 ,5.5,-1.3,2.1,cold
1744, 1985-04 ,12.6,4.5,8.6,cold
1745, 1985-05 ,19.1,10.3,14.7,cool
1746, 1985-06 ,21.5,12.6,17.1,cool
1747, 1985-07 ,25.1,16.9,21,warm
1748, 1985-08 ,24.3,16.7,20.5,warm
1749, 1985-09 ,22.4,14.4,18.4,cool
1750, 1985-10 ,14.6,8.1,11.4,cool
1751, 1985-11 ,6.8,2.7,4.8,cold
1752, 1985-12 ,-0.5,-5.9,-3.2,v_cold
1753, 1986-01 ,-1,-6.8,-3.9,v_cold
1754, 1986-02 ,-2,-6.8,-4.4,v_cold
1755, 1986-03 ,5.7,-1.8,2,cold
1756, 1986-04 ,13.1,5.4,9.3,cold
1757, 1986-05 ,19.8,11.7,15.8,cool
1758, 1986-06 ,22.3,13.3,17.8,cool
1759, 1986-07 ,25.8,18.1,22,warm
1760, 1986-08 ,23.9,16,20,cool
1761, 1986-09 ,19.2,12.7,16,cool
1762, 1986-10 ,13.6,7.5,10.6,cool
1763, 1986-11 ,6,0.8,3.4,cold
1764, 1986-12 ,2.3,-1.6,0.4,cold
1765, 1987-01 ,-0.2,-4.8,-2.5,v_cold
1766, 1987-02 ,0.1,-6.5,-3.2,v_cold
1767, 1987-03 ,7.2,-0.1,3.6,cold
1768, 1987-04 ,14.1,6.5,10.3,cool
1769, 1987-05 ,20.7,10.8,15.8,cool
1770, 1987-06 ,25.4,16.1,20.8,warm
1771, 1987-07 ,28.1,19.3,23.7,warm
1772, 1987-08 ,25.2,17,21.1,warm
1773, 1987-09 ,20.3,13.7,17,cool
1774, 1987-10 ,12.1,5.4,8.8,cold
1775, 1987-11 ,7.9,2.1,5,cold
1776, 1987-12 ,3.6,-1.2,1.2,cold
1777, 1988-01 ,0.4,-6.5,-3.1,v_cold
1778, 1988-02 ,-0.8,-7.4,-4.1,v_cold
1779, 1988-03 ,4.7,-2.9,0.9,cold
1780, 1988-04 ,10.6,3.9,7.3,cold
1781, 1988-05 ,19.7,10.7,15.2,cool
1782, 1988-06 ,25.1,14.3,19.7,cool
1783, 1988-07 ,29.2,19.2,24.2,warm
1784, 1988-08 ,26.9,18.5,22.7,warm
1785, 1988-09 ,20.5,12.7,16.6,cool
1786, 1988-10 ,11.5,5.8,8.7,cold
1787, 1988-11 ,8.3,3.7,6,cold
1788, 1988-12 ,2,-3.9,-1,v_cold
1789, 1989-01 ,3.3,-4,-0.4,v_cold
1790, 1989-02 ,-1.8,-7.2,-4.5,v_cold
1791, 1989-03 ,2.3,-3.8,-0.8,v_cold
1792, 1989-04 ,9.6,2.8,6.2,cold
1793, 1989-05 ,18.4,9.9,14.2,cool
1794, 1989-06 ,23.3,15.5,19.4,cool
1795, 1989-07 ,27.2,18.9,23.1,warm
1796, 1989-08 ,25.1,17.3,21.2,warm
1797, 1989-09 ,20.8,13.5,17.2,cool
1798, 1989-10 ,14.7,7.5,11.1,cool
1799, 1989-11 ,6.7,0.6,3.7,cold
1800, 1989-12 ,-4.6,-10.9,-7.8,v_cold
1801, 1990-01 ,3.1,-2.1,0.5,cold
1802, 1990-02 ,1.1,-5.1,-2,v_cold
1803, 1990-03 ,5.2,-1.2,2,cold
1804, 1990-04 ,13.4,5.6,9.5,cold
1805, 1990-05 ,16.8,8.6,12.7,cool
1806, 1990-06 ,23.8,14.7,19.3,cool
1807, 1990-07 ,26.3,17.9,22.1,warm
1808, 1990-08 ,25.5,17.6,21.6,warm
1809, 1990-09 ,20.3,13.4,16.9,cool
1810, 1990-10 ,14,7.4,10.7,cool
1811, 1990-11 ,9.3,2.7,6,cold
1812, 1990-12 ,3.8,-2.3,0.7,cold
1813, 1991-01 ,-1,-6.8,-3.9,v_cold
1814, 1991-02 ,2.6,-4.1,-0.7,v_cold
1815, 1991-03 ,5.8,-0.6,2.6,cold
1816, 1991-04 ,12.8,5.8,9.3,cold
1817, 1991-05 ,21.6,12.5,17.1,cool
1818, 1991-06 ,25.8,16.8,21.3,warm
1819, 1991-07 ,27.3,18.3,22.8,warm
1820, 1991-08 ,26.6,18.4,22.5,warm
1821, 1991-09 ,21,13.1,17.1,cool
1822, 1991-10 ,14.9,8.3,11.6,cool
1823, 1991-11 ,6.9,1.6,4.2,cold
1824, 1991-12 ,2.5,-3.5,-0.5,v_cold
1825, 1992-01 ,0.4,-5.7,-2.7,v_cold
1826, 1992-02 ,1.1,-5.2,-2,v_cold
1827, 1992-03 ,3.4,-3.3,0,v_cold
1828, 1992-04 ,9.7,3.4,6.6,cold
1829, 1992-05 ,18.2,9.5,13.9,cool
1830, 1992-06 ,22,12.9,17.5,cool
1831, 1992-07 ,22.6,15.4,19,cool
1832, 1992-08 ,23.1,15,19.1,cool
1833, 1992-09 ,19.9,12.7,16.4,cool
1834, 1992-10 ,12.6,5.6,9.1,cold
1835, 1992-11 ,6.6,2.3,4.4,cold
1836, 1992-12 ,2.6,-1.8,0.4,cold
1837, 1993-01 ,0.6,-5,-2.2,v_cold
1838, 1993-02 ,-2.9,-9.4,-6.2,v_cold
1839, 1993-03 ,2.8,-2.9,0,v_cold
1840, 1993-04 ,11.2,4.4,7.8,cold
1841, 1993-05 ,18.2,9.1,13.7,cool
1842, 1993-06 ,22.6,14,18.3,cool
1843, 1993-07 ,27.1,18.4,22.8,warm
1844, 1993-08 ,26.6,18.3,22.5,warm
1845, 1993-09 ,18.7,11.6,15.2,cool
1846, 1993-10 ,12.8,6.1,9.5,cold
1847, 1993-11 ,7.1,1.9,4.5,cold
1848, 1993-12 ,1.7,-2.9,-0.6,v_cold
1849, 1994-01 ,-6.5,-13.5,-10,vv_cold
1850, 1994-02 ,-2.8,-9.2,-6,v_cold
1851, 1994-03 ,4.1,-2.2,0.9,cold
1852, 1994-04 ,12.5,3.9,8.2,cold
1853, 1994-05 ,17,8.5,12.8,cool
1854, 1994-06 ,24.5,15.3,19.9,cool
1855, 1994-07 ,26.9,18.3,22.6,warm
1856, 1994-08 ,24.1,16.4,20.3,warm
1857, 1994-09 ,21.3,13.5,17.4,cool
1858, 1994-10 ,15,7.9,11.5,cool
1859, 1994-11 ,9.8,4.2,7.1,cold
1860, 1994-12 ,4.2,-1,1.6,cold
1861, 1995-01 ,1.2,-3.7,-1.3,v_cold
1862, 1995-02 ,-2,-8.7,-5.4,v_cold
1863, 1995-03 ,7,-0.2,3.4,cold
1864, 1995-04 ,8.6,2.1,5.4,cold
1865, 1995-05 ,18.3,10.1,14.2,cool
1866, 1995-06 ,25,16.6,20.8,warm
1867, 1995-07 ,27,18.6,22.8,warm
1868, 1995-08 ,26.8,19.4,23.1,warm
1869, 1995-09 ,20,11.7,15.9,cool
1870, 1995-10 ,15.2,9.3,12.3,cool
1871, 1995-11 ,4.9,0.1,2.5,cold
1872, 1995-12 ,-0.8,-5.9,-3.3,v_cold
1873, 1996-01 ,-1.3,-8.1,-4.7,v_cold
1874, 1996-02 ,-0.7,-6.9,-3.8,v_cold
1875, 1996-03 ,2.4,-4.2,-0.9,v_cold
1876, 1996-04 ,9.1,2.2,5.7,cold
1877, 1996-05 ,16.8,8.7,12.8,cool
1878, 1996-06 ,23.3,15.2,19.3,cool
1879, 1996-07 ,25.1,16.6,20.9,warm
1880, 1996-08 ,26.2,18.1,22.1,warm
1881, 1996-09 ,21.2,14.4,17.8,cool
1882, 1996-10 ,13.5,7.7,10.6,cool
1883, 1996-11 ,4.8,-0.2,2.4,cold
1884, 1996-12 ,3.3,-1,1.2,cold
1885, 1997-01 ,-0.7,-8.4,-4.6,v_cold
1886, 1997-02 ,2.6,-4.6,-1,v_cold
1887, 1997-03 ,3.5,-2.4,0.6,cold
1888, 1997-04 ,11.1,3,7.1,cold
1889, 1997-05 ,14.9,6.9,10.9,cool
1890, 1997-06 ,25.2,15.9,20.6,warm
1891, 1997-07 ,25.9,17.2,21.6,warm
1892, 1997-08 ,24.1,16.2,20.2,warm
1893, 1997-09 ,20.5,13.2,16.9,cool
1894, 1997-10 ,14.2,7.4,10.8,cool
1895, 1997-11 ,6.3,1.5,3.9,cold
1896, 1997-12 ,3,-1.3,0.8,cold
1897, 1998-01 ,1.9,-3.3,-0.7,v_cold
1898, 1998-02 ,3.6,-0.9,1.4,cold
1899, 1998-03 ,6.6,0.3,3.5,cold
1900, 1998-04 ,13.8,5.8,9.8,cold
1901, 1998-05 ,22.3,13.6,18,cool
1902, 1998-06 ,24.2,15.1,19.6,cool
1903, 1998-07 ,26.6,18,22.3,warm
1904, 1998-08 ,26.8,18.4,22.7,warm
1905, 1998-09 ,23.9,14.9,19.4,cool
1906, 1998-10 ,15.7,8.6,12.2,cool
1907, 1998-11 ,8.8,3.7,6.3,cold
1908, 1998-12 ,5.5,-0.8,2.3,cold
1909, 1999-01 ,-1.4,-7.4,-4.4,v_cold
1910, 1999-02 ,2.8,-3,-0.1,v_cold
1911, 1999-03 ,4.9,-1.6,1.7,cold
1912, 1999-04 ,12.5,5.3,8.9,cold
1913, 1999-05 ,20.7,12,16.4,cool
1914, 1999-06 ,25.2,16.9,21.1,warm
1915, 1999-07 ,29.6,19.8,24.7,warm
1916, 1999-08 ,24.9,16.8,20.9,warm
1917, 1999-09 ,23,15.1,19.1,cool
1918, 1999-10 ,14.1,7.4,10.8,cool
1919, 1999-11 ,9.5,4.1,6.8,cold
1920, 1999-12 ,3.6,-1.6,1,cold
1921, 2000-01 ,-0.5,-7.5,-4,v_cold
1922, 2000-02 ,2.1,-3.8,-0.8,v_cold
1923, 2000-03 ,8.8,2,5.4,cold
1924, 2000-04 ,10.9,4.1,7.5,cold
1925, 2000-05 ,19.3,11,15.2,cool
1926, 2000-06 ,23.3,14.1,18.7,cool
1927, 2000-07 ,24.6,17.1,20.9,warm
1928, 2000-08 ,25.3,17.3,21.3,warm
1929, 2000-09 ,20.8,13,16.9,cool
1930, 2000-10 ,15.6,8.3,12,cool
1931, 2000-11 ,7.3,2.8,5.1,cold
1932, 2000-12 ,-2.1,-7.7,-4.9,v_cold
1933, 2001-01 ,0.3,-4.7,-2.2,v_cold
1934, 2001-02 ,1.2,-4.5,-1.7,v_cold
1935, 2001-03 ,3.7,-1.7,1,cold
1936, 2001-04 ,13.3,5,9.1,cold
1937, 2001-05 ,19.5,10.9,15.2,cool
1938, 2001-06 ,24.9,15.8,20.4,warm
1939, 2001-07 ,25.7,17.1,21.4,warm
1940, 2001-08 ,28.4,19.2,23.9,warm
1941, 2001-09 ,21.8,13.4,17.6,cool
1942, 2001-10 ,14.7,8.2,11.5,cool
1943, 2001-11 ,11,5.3,8.2,cold
1944, 2001-12 ,5.5,0.8,3.2,cold
1945, 2002-01 ,3.2,-1.4,0.9,cold
1946, 2002-02 ,3.3,-3.6,-0.2,v_cold
1947, 2002-03 ,5.3,-1.9,1.7,cold
1948, 2002-04 ,11.8,4.8,8.3,cold
1949, 2002-05 ,16.7,7.6,12.2,cool
1950, 2002-06 ,24.3,15.1,19.7,cool
1951, 2002-07 ,29.4,19.6,24.5,warm
1952, 2002-08 ,27.5,18.4,22.9,warm
1953, 2002-09 ,25.5,16.2,20.8,warm
1954, 2002-10 ,13.2,7.3,10.3,cool
1955, 2002-11 ,6.9,1.7,4.3,cold
1956, 2002-12 ,1.9,-3.1,-0.6,v_cold
1957, 2003-01 ,-3.2,-9.1,-6.1,v_cold
1958, 2003-02 ,-2,-8.2,-5.1,v_cold
1959, 2003-03 ,4.4,-2.5,0.9,cold
1960, 2003-04 ,10,2.3,6.2,cold
1961, 2003-05 ,16.6,9.4,13.1,cool
1962, 2003-06 ,23.2,14.2,18.7,cool
