y_m,max_temp,min_temp,mean_temp
1840-01,5.2,-2.9,1.2
1840-02,5.2,-2.9,1.2
1840-03,5.2,-2.9,1.2
1840-04,11.1,2.3,6.7
1840-05,17.2,7.6,12.4
1840-06,20.7,10.8,15.8
1840-07,24.4,14.5,19.5
1840-08,23.8,14.1,19
1840-09,17.9,7.2,12.6
1840-10,12.6,2.2,7.4
1840-11,5.6,-1.5,2.1
1840-12,-1,-8.8,-4.9
1841-01,-0.6,-8.3,-4.5
1841-02,-1.2,-9.7,-5.5
1841-03,2.2,-6.7,-2.3
1841-04,8.8,-0.2,4.3
1841-05,16.6,5.3,11
1841-06,25.3,13.4,19.4
1841-07,25.8,12.6,19.2
1841-08,24.2,13.1,18.7
1841-09,20.5,11.7,16.1
1841-10,10.1,1.3,5.7
1841-11,4.7,-2.2,1.3
1841-12,1.1,-5.1,-2
1842-01,1.9,-7.6,-2.9
1842-02,1.8,-6.1,-2.2
1842-03,7.1,-1.7,2.7
1842-04,11.7,2.2,7
1842-05,16.1,4.3,10.2
1842-06,20.4,8.6,14.5
1842-07,25.4,11.8,18.6
1842-08,25,14,19.5
1842-09,18.8,8.7,13.8
1842-10,12.6,2.9,7.8
1842-11,4.7,-2.7,1
1842-12,0,-7.6,-3.8
1843-01,1.4,-5.7,-2.2
1843-02,-4.4,-12.7,-8.6
1843-03,-0.9,-10.6,-5.8
1843-04,9.6,0.6,5.1
1843-05,16.4,5.1,10.8
1843-06,20.3,9.2,14.8
1843-07,25.5,12.5,19
1843-08,25.4,13.3,19.4
1843-09,21.3,11.4,16.4
1843-10,10.3,2.4,6.4
1843-11,3.8,-2.5,0.7
1843-12,2,-3.4,-0.7
1844-01,-2.6,-10.3,-6.5
1844-02,0.7,-7.9,-3.6
1844-03,4.2,-3.8,0.2
1844-04,15,3.5,9.3
1844-05,19,7.3,13.2
1844-06,21.8,10.3,16.1
1844-07,25.8,13.1,19.5
1844-08,23.8,12.9,18.4
1844-09,21.1,9.6,15.4
1844-10,11.2,1.9,6.6
1844-11,5.7,-2,1.9
1844-12,1.8,-6,-2.1
1845-01,0.7,-7.1,-3.2
1845-02,0.4,-7.4,-3.5
1845-03,6.1,-2.9,1.6
1845-04,10.7,0.8,5.8
1845-05,16.4,4.1,10.3
1845-06,21.8,10,15.9
1845-07,25.4,13,19.2
1845-08,25.3,13.4,19.4
1845-09,18.4,7.1,12.8
1845-10,12.6,2.4,7.5
1845-11,6.1,-0.9,2.6
1845-12,-2.4,-10.1,-6.3
1846-01,0.1,-7.6,-3.8
1846-02,-2.2,-12.7,-7.5
1846-03,3.9,-4.4,-0.3
1846-04,11,1.9,6.5
1846-05,18.2,8.1,13.2
1846-06,22.4,12.2,17.3
1846-07,26.2,14.6,20.4
1846-08,24.8,14.9,19.9
1846-09,21.8,12.7,17.3
1846-10,11.2,3.2,7.2
1846-11,7.7,2.4,5.1
1846-12,0.2,-5.8,-2.8
1847-01,-2.1,-8.6,-5.4
1847-02,-2.2,-9.1,-5.7
1847-03,0.4,-6.9,-3.3
1847-04,7.2,-0.6,3.3
1847-05,16.2,6.7,11.5
1847-06,18.8,10.1,14.5
1847-07,25,14.7,19.9
1847-08,22.7,12.8,17.8
1847-09,16.9,9.1,13
1847-10,10.6,3.1,6.9
1847-11,6.1,0.8,3.5
1847-12,0.6,-4.5,-2
1848-01,0.6,-5.9,-2.7
1848-02,0.6,-6.4,-2.9
1848-03,1.3,-5.6,-2.2
1848-04,9.7,0.1,4.9
1848-05,17.2,7,12.1
1848-06,21.9,10.9,16.4
1848-07,22.7,13.2,18
1848-08,24.6,14.6,19.6
1848-09,17.1,7.3,12.2
1848-10,11.1,4.1,7.6
1848-11,3.4,-1.7,0.9
1848-12,1.6,-4.6,-1.5
1849-01,-4.2,-10.5,-7.4
1849-02,-4.5,-10.6,-7.6
1849-03,3.6,-2.8,0.4
1849-04,7.2,-0.6,3.3
1849-05,12.6,5.1,8.9
1849-06,21.3,12.1,16.7
1849-07,24.8,13.8,19.3
1849-08,23.2,13.2,18.2
1849-09,18.6,9.7,14.2
1849-10,11.3,4,7.7
1849-11,8.1,3.1,5.6
1849-12,-0.9,-6.3,-3.6
1850-01,1.3,-5.1,-1.9
1850-02,0.3,-8.3,-4
1850-03,2.4,-5.7,-1.7
1850-04,7.7,-1.2,3.3
1850-05,15.3,4.3,9.8
1850-06,23.4,11.2,17.3
1850-07,25.8,15.7,20.8
1850-08,23.8,14.2,19
1850-09,18.4,7.2,12.8
1850-10,11.4,1.5,6.5
1850-11,7.2,-1.4,2.9
1850-12,-2.3,-8.9,-5.6
1851-01,-0.6,-8.3,-4.5
1851-02,0.3,-5.4,-2.6
1851-03,3.9,-3.2,0.4
1851-04,8.5,1.4,5
1851-05,15.1,6.2,10.7
1851-06,19.6,10.5,15.1
1851-07,22.4,14.4,18.4
1851-08,22,12.6,17.3
1851-09,19.6,10.1,14.9
1851-10,12.4,4.8,8.6
1851-11,2.6,-2.7,-0.1
1851-12,-2.9,-9.6,-6.3
1852-01,-4.9,-11.1,-8
1852-02,-1.6,-8.9,-5.3
1852-03,0.4,-7.4,-3.5
1852-04,6.1,0.1,3.1
1852-05,15.3,5.9,10.6
1852-06,20.8,10.8,15.8
1852-07,23.9,13.7,18.8
1852-08,22.6,13.8,18.2
1852-09,18.3,8.4,13.4
1852-10,13.1,4.4,8.8
1852-11,4.3,-1.1,1.6
1852-12,2.6,-3,-0.2
1853-01,-1.6,-9.5,-5.6
1853-02,-1.3,-9.2,-5.3
1853-03,2.7,-5.6,-1.5
1853-04,8.9,0.9,4.9
1853-05,13.7,5.9,9.8
1853-06,23.4,12.4,17.9
1853-07,25.1,11.8,18.5
1853-08,25.8,14,19.9
1853-09,19.9,9.7,14.8
1853-10,11.9,0.4,6.2
1853-11,6.7,-0.5,3.1
1853-12,-0.4,-8.2,-4.3
1854-01,-1.5,-10.3,-5.9
1854-02,-1.3,-12.7,-7
1854-03,2.5,-5.1,-1.3
1854-04,8.8,-0.7,4.1
1854-05,16.6,3.3,10
1854-06,23.7,9.9,16.8
1854-07,29.3,14.7,22
1854-08,27.1,12.9,20
1854-09,22.6,9.6,16.1
1854-10,14.9,5.2,10.1
1854-11,5.6,-2.1,1.8
1854-12,-1.4,-9.7,-5.6
1855-01,0.3,-8.1,-3.9
1855-02,-4.9,-15.1,-10
1855-03,2.5,-6.9,-2.2
1855-04,11.6,0.1,5.9
1855-05,18.6,5.2,11.9
1855-06,20.6,10.4,15.5
1855-07,24.8,15.6,20.2
1855-08,23.7,12.3,18
1855-09,20.3,10,15.2
1855-10,11.5,1.4,6.5
1855-11,7.5,-1.8,2.9
1855-12,0.6,-7.3,-3.4
1856-01,-5.2,-14.4,-9.8
1856-02,-4.4,-15.9,-10.2
1856-03,-0.8,-10.6,-5.7
1856-04,10.3,0.8,5.6
1856-05,15.3,4.8,10.1
1856-06,22,11.3,16.7
1856-07,26.8,15.1,21
1856-08,23.2,11.7,17.5
1856-09,19.3,7.6,13.5
1856-10,12.2,1.8,7
1856-11,6.1,-1.8,2.2
1856-12,-1.8,-9.1,-5.5
1857-01,-6.9,-17.3,-12.1
1857-02,2.1,-6.4,-2.2
1857-03,1.8,-7.9,-3.1
1857-04,6.4,-2.6,1.9
1857-05,14,4.7,9.4
1857-06,18.7,9.5,14.1
1857-07,24.9,15.2,20.1
1857-08,23.6,12.8,18.2
1857-09,19.7,9.1,14.4
1857-10,11.1,3.1,7.1
1857-11,4.4,-3,0.7
1857-12,2.2,-4.3,-1.1
1858-01,1.8,-4.6,-1.4
1858-02,-4.4,-11.7,-8.1
1858-03,2.8,-5.6,-1.4
1858-04,9.1,1.3,5.2
1858-05,13.2,5.4,9.3
1858-06,23.3,13.7,18.5
1858-07,24.2,15.6,19.9
1858-08,24.1,15.2,19.7
1858-09,19.8,10.5,15.2
1858-10,13.3,6.4,9.9
1858-11,3.3,-1.1,1.1
1858-12,0.7,-5.9,-2.6
1859-01,-0.8,-7.4,-4.1
1859-02,-0.1,-6.8,-3.5
1859-03,5.6,-0.8,2.4
1859-04,8.1,0.6,4.4
1859-05,17.4,8.4,12.9
1859-06,19.4,9.9,14.7
1859-07,23.7,15.2,19.5
1859-08,23.8,15.3,19.6
1859-09,17,9.7,13.4
1859-10,10.3,2.9,6.6
1859-11,6.7,0.5,3.6
1859-12,-3.7,-10.6,-7.2
1860-01,-1.2,-8,-4.6
1860-02,-1.4,-9.2,-5.3
1860-03,5.5,-2.6,1.5
1860-04,8.4,0.2,4.3
1860-05,17.8,8.8,13.3
1860-06,22.6,12.9,17.8
1860-07,22.8,13.3,18.1
1860-08,23.2,13.6,18.4
1860-09,17.3,8.6,13
1860-10,12.1,5.3,8.7
1860-11,6.3,0.9,3.6
1860-12,-1.8,-7.1,-4.5
1861-01,-3.8,-10,-6.9
1861-02,0.2,-7.4,-3.6
1861-03,0.8,-6.3,-2.8
1861-04,9.8,1.9,5.9
1861-05,13.2,4.5,8.9
1861-06,21.3,10.8,16.1
1861-07,23.7,13.5,18.6
1861-08,23.6,14.5,19.1
1861-09,19.1,11,15.1
1861-10,12.9,5.4,9.2
1861-11,5.8,0.1,3
1861-12,2.8,-4.3,-0.8
1862-01,-2.4,-9.4,-5.9
1862-02,-2.1,-9.2,-5.7
1862-03,1.5,-4.9,-1.7
1862-04,7.9,0.8,4.4
1862-05,16.4,5.6,11
1862-06,20.7,10.5,15.6
1862-07,24.7,14.5,19.6
1862-08,24.6,14.6,19.6
1862-09,20,11.5,15.8
1862-10,12.7,5.3,9
1862-11,4.8,-0.8,2
1862-12,1.2,-4.6,-1.7
1863-01,0.8,-5,-2.1
1863-02,-1.1,-9.2,-5.2
1863-03,0.5,-7,-3.3
1863-04,10,0.8,5.4
1863-05,17.4,7.9,12.7
1863-06,20.7,11.2,16
1863-07,23.8,15.3,19.6
1863-08,24.3,14.4,19.4
1863-09,18.1,8.3,13.2
1863-10,11.6,4.7,8.2
1863-11,7.1,0.8,4
1863-12,1.1,-6.3,-2.6
1864-01,-1.4,-8.1,-4.8
1864-02,-0.2,-7.3,-3.8
1864-03,2,-5.3,-1.7
1864-04,8.6,1.5,5.1
1864-05,17.1,7.9,12.5
1864-06,22.8,11.6,17.2
1864-07,26.7,15.5,21.1
1864-08,25.2,16.4,20.8
1864-09,17.8,9.4,13.6
1864-10,11.2,4.3,7.8
1864-11,6.1,-0.3,2.9
1864-12,0.1,-6.8,-3.4
1865-01,-4.1,-12.1,-8.1
1865-02,-1.9,-9.1,-5.5
1865-03,4.1,-3.8,0.2
1865-04,10.4,1.6,6
1865-05,16.3,6.4,11.4
1865-06,23.4,13.7,18.6
1865-07,23.4,13.1,18.3
1865-08,23.9,13.1,18.5
1865-09,23.3,14,18.7
1865-10,11.3,3.4,7.4
1865-11,7.2,0.6,3.9
1865-12,1.5,-4.8,-1.7
1866-01,-3.1,-10.8,-7
1866-02,-1.8,-9.1,-5.5
1866-03,0.6,-5.7,-2.6
1866-04,11.7,2.2,7
1866-05,14.2,4.3,9.3
1866-06,20.8,10.8,15.8
1866-07,26.4,15.9,21.2
1866-08,20.9,11.5,16.2
1866-09,17.8,9.3,13.6
1866-10,14.2,6.6,10.4
1866-11,6.6,0.7,3.7
1866-12,-0.4,-6.6,-3.5
1867-01,-4.9,-11.3,-8.1
1867-02,1.3,-5.7,-2.2
1867-03,1.1,-6,-2.5
1867-04,8.8,1,4.9
1867-05,12.7,4.3,8.5
1867-06,23.1,13.2,18.2
1867-07,25.4,14.7,20.1
1867-08,26,14.9,20.5
1867-09,20.4,9.7,15.1
1867-10,14.9,5.8,10.4
1867-11,7.4,0.3,3.9
1867-12,-1.4,-9.2,-5.3
1868-01,-4.3,-11.2,-7.8
1868-02,-3,-13.2,-8.1
1868-03,3.9,-4.4,-0.3
1868-04,7.9,-1.2,3.4
1868-05,15.4,6.9,11.2
1868-06,21.5,11.3,16.4
1868-07,29.7,19.1,24.4
1868-08,25,14.6,19.8
1868-09,17.9,10.1,14
1868-10,9.9,2.4,6.2
1868-11,5.2,-0.1,2.6
1868-12,-1.6,-8.2,-4.9
1869-01,1.4,-5.6,-2.1
1869-02,-0.9,-8.1,-4.5
1869-03,-0.4,-9,-4.7
1869-04,8.9,0.2,4.6
1869-05,14.9,5.9,10.4
1869-06,19.7,9.9,14.8
1869-07,22.8,14.3,18.6
1869-08,22.3,13.1,17.7
1869-09,20.8,12.1,16.5
1869-10,10.1,2.1,6.1
1869-11,3.4,-2.8,0.3
1869-12,1.2,-4.3,-1.6
1870-01,0.2,-8,-3.9
1870-02,-2.2,-9.5,-5.9
1870-03,0.6,-6.4,-2.9
1870-04,11.9,2.6,7.3
1870-05,19.2,8.6,13.9
1870-06,24.7,14.1,19.4
1870-07,25.3,15.6,20.5
1870-08,25,13.9,19.5
1870-09,20.7,12.3,16.5
1870-10,14.7,6.2,10.5
1870-11,6.8,-1,2.9
1870-12,0,-6.4,-3.2
1871-01,-2,-10.3,-6.2
1871-02,-0.6,-9.1,-4.9
1871-03,4.9,-1.7,1.6
1871-04,11.6,1.9,6.8
1871-05,17.6,6.3,12
1871-06,21.9,11.2,16.6
1871-07,24.5,13.3,18.9
1871-08,25.3,14.4,19.9
1871-09,18.1,8.3,13.2
1871-10,14.6,4.8,9.7
1871-11,2.6,-3.3,-0.4
1871-12,-1.2,-9.5,-5.4
1872-01,-2.3,-10.1,-6.2
1872-02,-1.5,-10.8,-6.2
1872-03,-1.2,-10.9,-6.1
1872-04,10,-0.4,4.8
1872-05,16.7,5.2,11
1872-06,23,11.1,17.1
1872-07,27.1,15.3,21.2
1872-08,25.8,16.2,21
1872-09,20.4,10.3,15.4
1872-10,12.3,2.9,7.6
1872-11,4.8,-3.3,0.8
1872-12,-4.1,-12.2,-8.2
1873-01,-3.8,-12.8,-8.3
1873-02,-2.7,-12.2,-7.5
1873-03,1.1,-7.7,-3.3
1873-04,8.2,0.1,4.2
1873-05,16.2,5.8,11
1873-06,23.2,11.4,17.3
1873-07,25.4,14.6,20
1873-08,24,14.1,19.1
1873-09,19,8.3,13.7
1873-10,12.1,3.1,7.6
1873-11,1.2,-6,-2.4
1873-12,1.6,-5.6,-2
1874-01,-0.4,-8.2,-4.3
1874-02,-1.2,-9.9,-5.6
1874-03,2.9,-5.7,-1.4
1874-04,5.3,-3.7,0.8
1874-05,17.4,5.5,11.5
1874-06,22.4,11.7,17.1
1874-07,25.1,13.9,19.5
1874-08,25.3,13.3,19.3
1874-09,22.7,12.1,17.4
1874-10,12.8,4.2,8.5
1874-11,5.8,-2.4,1.7
1874-12,0.5,-8.2,-3.9
1875-01,-4.9,-13.4,-9.2
1875-02,-7.1,-18.1,-12.6
1875-03,-0.6,-9.2,-4.9
1875-04,6.7,-1.7,2.5
1875-05,16.4,5.3,10.9
1875-06,22.4,9.8,16.1
1875-07,25.2,13.2,19.2
1875-08,23.6,13.8,18.7
1875-09,18.6,7.9,13.3
1875-10,10.6,2.2,6.4
1875-11,3.4,-3.6,-0.1
1875-12,1.1,-6.9,-2.9
1876-01,2.7,-5.3,-1.3
1876-02,-1,-8.9,-5
1876-03,0.8,-7.3,-3.3
1876-04,7.6,-0.4,3.6
1876-05,15.8,5.5,10.7
1876-06,23.6,13.6,18.6
1876-07,25.7,14.9,20.3
1876-08,26.9,15.4,21.2
1876-09,18.2,10.3,14.3
1876-10,10.2,1.5,5.9
1876-11,5.7,0,2.9
1876-12,-4.3,-12.2,-8.3
1877-01,-4.3,-13.2,-8.8
1877-02,2.2,-6.1,-2
1877-03,0.5,-7.7,-3.6
1877-04,11.1,1.9,6.5
1877-05,17.6,6.4,12
1877-06,22.1,11.3,16.7
1877-07,26.8,15.4,21.1
1877-08,25.6,16.2,20.9
1877-09,21.8,11.3,16.6
1877-10,13.8,6,9.9
1877-11,6.2,-0.2,3
1877-12,4.2,-1.8,1.2
1878-01,-0.8,-8.1,-4.5
1878-02,0.8,-6.7,-3
1878-03,7.1,-0.8,3.2
1878-04,14.2,5.1,9.7
1878-05,16.4,6.6,11.5
1878-06,22.3,11.7,17
1878-07,26.9,17.8,22.4
1878-08,25.4,15.6,20.5
1878-09,20.5,12.2,16.4
1878-10,14.1,5.1,9.6
1878-11,5.4,-0.6,2.4
1878-12,-1.5,-6.8,-4.2
1879-01,-3.1,-11,-7.1
1879-02,-3.5,-12.7,-8.1
1879-03,1.9,-5.4,-1.8
1879-04,9.1,-0.8,4.2
1879-05,18.2,5.8,12
1879-06,21.9,11.2,16.6
1879-07,25.7,15.3,20.5
1879-08,23.6,13.4,18.5
1879-09,18.2,8.2,13.2
1879-10,17.4,7.9,12.7
1879-11,5.8,-1.9,2
1879-12,0.6,-7.1,-3.3
1880-01,3.7,-2.9,0.4
1880-02,1.8,-7,-2.6
1880-03,2.6,-5.8,-1.6
1880-04,9.8,0.7,5.3
1880-05,20.3,9,14.7
1880-06,23.8,13.5,18.7
1880-07,24.9,14.6,19.8
1880-08,24.2,14.3,19.3
1880-09,20.4,11.2,15.8
1880-10,11.6,2.9,7.3
1880-11,2.1,-4.5,-1.2
1880-12,-2.9,-9.2,-6.1
1881-01,-4.6,-13.4,-9
1881-02,-2.8,-11.4,-7.1
1881-03,1.9,-4,-1.1
1881-04,9.3,-0.8,4.3
1881-05,19.9,9.2,14.6
1881-06,20.3,10.2,15.3
1881-07,26.8,16.1,21.5
1881-08,26.6,15.8,21.2
1881-09,25,15.3,20.2
1881-10,14.5,5.2,9.9
1881-11,6.6,-1.1,2.8
1881-12,4.4,-2.5,1
1882-01,-1,-9.1,-5.1
1882-02,3,-4.9,-1
1882-03,3.4,-3.7,-0.2
1882-04,9.1,0.1,4.6
1882-05,14.1,4.8,9.5
1882-06,21.5,11.1,16.3
1882-07,24.9,13.8,19.4
1882-08,24.4,15.1,19.8
1882-09,21.1,11.7,16.4
1882-10,15.8,5.9,10.9
1882-11,5.3,-1.4,2
1882-12,-0.7,-6.7,-3.7
1883-01,-3.8,-12.6,-8.2
1883-02,-2.6,-11.4,-7
1883-03,-0.5,-11.2,-5.9
1883-04,8.2,-1.3,3.5
1883-05,14.6,4.6,9.6
1883-06,21.8,11.4,16.6
1883-07,23.7,13.3,18.5
1883-08,22.8,12.3,17.6
1883-09,17.6,7.5,12.6
1883-10,11.2,3.1,7.2
1883-11,6.9,-1.3,2.8
1883-12,0.6,-7.5,-3.5
1884-01,-4.9,-13.6,-9.3
1884-02,-0.7,-9,-4.9
1884-03,1.8,-6.4,-2.3
1884-04,9.2,0.7,5
1884-05,15.6,5.5,10.6
1884-06,24.4,11.9,18.2
1884-07,23.2,12.4,17.8
1884-08,24.3,12.7,18.5
1884-09,22,10.9,16.5
1884-10,13.8,4.3,9.1
1884-11,4.7,-2.6,1.1
1884-12,-0.2,-7.4,-3.8
1885-01,-4.2,-12.2,-8.2
1885-02,-6,-17.7,-11.9
1885-03,-3.2,-13.1,-8.2
1885-04,7.6,-1.8,2.9
1885-05,15.8,6.1,11
1885-06,21.6,9.5,15.6
1885-07,25.3,14.4,19.9
1885-08,21.7,12.9,17.3
1885-09,19.4,8.2,13.8
1885-10,11.6,3.6,7.6
1885-11,6.7,0.3,3.5
1885-12,0.9,-6,-2.6
1886-01,-3.4,-11.4,-7.4
1886-02,-3.3,-12.1,-7.7
1886-03,2,-4.4,-1.2
1886-04,12.1,2.3,7.2
1886-05,16.9,6.4,11.7
1886-06,21.7,10.6,16.2
1886-07,24.8,13.2,19
1886-08,23.8,13.5,18.7
1886-09,19.9,9.8,14.9
1886-10,13.6,4.5,9.1
1886-11,5.6,-1.7,2
1886-12,-2.4,-10,-6.2
1887-01,-2.9,-13.1,-8
1887-02,-1.4,-10.4,-5.9
1887-03,-0.1,-8.1,-4.1
1887-04,9.1,-0.8,4.2
1887-05,20.4,8.8,14.6
1887-06,22.7,12.2,17.5
1887-07,28.6,17.2,22.9
1887-08,24.4,13.5,19
1887-09,18.8,8.4,13.6
1887-10,11.2,1.9,6.6
1887-11,5.1,-2,1.6
1887-12,0.6,-5.2,-2.3
1888-01,-5.2,-13.9,-9.6
1888-02,-1.7,-10.2,-6
1888-03,-1.4,-9.4,-5.4
1888-04,8.6,-0.6,4
1888-05,15.3,5.8,10.6
1888-06,24.2,11.9,18.1
1888-07,24.8,13.2,19
1888-08,24.6,13.6,19.1
1888-09,18.7,8.6,13.7
1888-10,10.1,2.5,6.3
1888-11,6.6,-0.4,3.1
1888-12,2.1,-5,-1.5
1889-01,1,-5.9,-2.5
1889-02,-3.3,-13.3,-8.3
1889-03,4.1,-3.1,0.5
1889-04,10.9,1.7,6.3
1889-05,17.4,7,12.2
1889-06,20.3,11.2,15.8
1889-07,25.7,15.5,20.6
1889-08,23.9,13.4,18.7
1889-09,20.1,11.2,15.7
1889-10,9.9,2,6
1889-11,6.6,0.7,3.7
1889-12,4.7,-2.4,1.2
1890-01,2.7,-5.4,-1.4
1890-02,2.1,-6.8,-2.4
1890-03,1.6,-6.2,-2.3
1890-04,10.9,0.4,5.7
1890-05,15,5.1,10.1
1890-06,23.8,13.6,18.7
1890-07,25.1,14.4,19.8
1890-08,22.8,13.3,18.1
1890-09,19.2,9.2,14.2
1890-10,12.6,5.8,9.2
1890-11,6.5,-0.9,2.8
1890-12,-1.1,-9.5,-5.3
1891-01,-1.1,-8.6,-4.9
1891-02,1.5,-6.3,-2.4
1891-03,1.6,-5.3,-1.9
1891-04,11.2,1.6,6.4
1891-05,16.7,4.9,10.8
1891-06,23.7,12.3,18
1891-07,23.1,12.6,17.9
1891-08,23.9,13.9,18.9
1891-09,22.6,11.9,17.3
1891-10,13.4,3.9,8.7
1891-11,6.1,-1,2.6
1891-12,4.4,-2.8,0.8
1892-01,-2.5,-11.5,-7
1892-02,-0.6,-8.1,-4.4
1892-03,1.2,-5.7,-2.3
1892-04,10.3,0.2,5.3
1892-05,15,6.8,10.9
1892-06,23.4,13.7,18.6
1892-07,26,14.2,20.1
1892-08,24.7,14.8,19.8
1892-09,20.7,10.6,15.7
1892-10,13.2,4.2,8.7
1892-11,4.6,-1.2,1.7
1892-12,-0.6,-6.6,-3.6
1893-01,-5.7,-14.3,-10
1893-02,-2.5,-12.6,-7.6
1893-03,2.2,-5.6,-1.7
1893-04,8.6,0.1,4.4
1893-05,16.1,6.1,11.1
1893-06,24.9,13.7,19.3
1893-07,26.2,14.2,20.2
1893-08,24.8,13.7,19.3
1893-09,19.1,9.1,14.1
1893-10,13.7,4.7,9.2
1893-11,6.2,-0.4,2.9
1893-12,0.1,-9.4,-4.7
1894-01,1.4,-5.6,-2.1
1894-02,-2.2,-10.8,-6.5
1894-03,6.2,-2.1,2.1
1894-04,11.8,1.9,6.9
1894-05,16.3,6.3,11.3
1894-06,24.7,13.8,19.3
1894-07,26.4,14.8,20.6
1894-08,24.2,13,18.6
1894-09,22,12.1,17.1
1894-10,14.1,6.3,10.2
1894-11,4.8,-2.5,1.2
1894-12,2.8,-3.6,-0.4
1895-01,-2.2,-10,-6.1
1895-02,-4.4,-12.9,-8.7
1895-03,0.3,-9,-4.4
1895-04,10.7,1.9,6.3
1895-05,19.1,6.9,13
1895-06,26.1,13.7,19.9
1895-07,24.6,13.5,19.1
1895-08,24.2,13.4,18.8
1895-09,21.6,10.3,16
1895-10,10.5,1.7,6.1
1895-11,6.3,-0.8,2.8
1895-12,2.2,-4.8,-1.3
1896-01,-2.3,-9.2,-5.8
1896-02,-1.3,-9.7,-5.5
1896-03,-0.6,-9.1,-4.9
1896-04,12.6,3.4,8
1896-05,21.3,10.1,15.7
1896-06,23.7,12.5,18.1
1896-07,26.1,15.4,20.8
1896-08,25.6,13.9,19.8
1896-09,18.8,9.3,14.1
1896-10,11,3.4,7.2
1896-11,8.2,0.3,4.3
1896-12,0.9,-5.7,-2.4
1897-01,-1.2,-8.9,-5.1
1897-02,-0.8,-7.3,-4.1
1897-03,3.8,-4.1,-0.2
1897-04,11,1.6,6.3
1897-05,16.4,6.8,11.6
1897-06,22,10.7,16.4
1897-07,27.5,17.5,22.5
1897-08,24,13.1,18.6
1897-09,22.2,10.4,16.3
1897-10,15.6,5.5,10.6
1897-11,7.2,0.1,3.7
1897-12,1.5,-5.9,-2.2
1898-01,0.1,-7.7,-3.8
1898-02,-0.5,-7.9,-4.2
1898-03,7.1,-1.6,2.8
1898-04,11.1,1.9,6.5
1898-05,18.1,8.4,13.3
1898-06,23.9,13.7,18.8
1898-07,27.5,15.9,21.7
1898-08,27,15.7,21.4
1898-09,22.8,12.8,17.8
1898-10,14,6.6,10.3
1898-11,5.7,-1.8,2
1898-12,0.5,-6.7,-3.1
1899-01,-0.7,-9.2,-5
1899-02,-3,-11.2,-7.1
1899-03,1.8,-5.9,-2.1
1899-04,11.9,2.3,7.1
1899-05,18.2,7.8,13
1899-06,24.9,12.2,18.6
1899-07,26.6,14.3,20.5
1899-08,27.5,14.6,21.1
1899-09,19.2,8.8,14
1899-10,15.3,5.6,10.5
1899-11,8.2,1.2,4.7
1899-12,1.6,-5.2,-1.8
1900-01,0.8,-7.6,-3.4
1900-02,-2.4,-10.9,-6.7
1900-03,-0.2,-9.3,-4.8
1900-04,12.3,2.6,7.5
1900-05,19.2,6.6,12.9
1900-06,24.3,12.4,18.4
1900-07,26.8,14.4,20.6
1900-08,28.1,16.9,22.5
1900-09,23.4,12.4,17.9
1900-10,18.9,7.9,13.4
1900-11,7,0.3,3.7
1900-12,1.9,-5.3,-1.7
1901-01,-0.5,-8.8,-4.7
1901-02,-4.2,-12.8,-8.5
1901-03,2.6,-4.9,-1.2
1901-04,12.6,3.4,8
1901-05,17.2,7.7,12.5
1901-06,24.1,12.9,18.5
1901-07,28.5,17.2,22.9
1901-08,25.9,15.5,20.7
1901-09,22.1,11.1,16.6
1901-10,15,3.7,9.4
1901-11,4.8,-2.1,1.4
1901-12,0.6,-6.5,-3
1902-01,-0.8,-8.8,-4.8
1902-02,-2.2,-9.8,-6
1902-03,7.1,-1,3.1
1902-04,11.5,1.8,6.7
1902-05,17.3,6.4,11.9
1902-06,21.2,9.9,15.6
1902-07,26,15,20.5
1902-08,24,13.2,18.6
1902-09,20.4,11,15.7
1902-10,14.2,4.4,9.3
1902-11,10.2,2,6.1
1902-12,-0.4,-7.9,-4.2
1903-01,-1.2,-8.7,-5
1903-02,0.1,-7,-3.5
1903-03,8.1,0.4,4.3
1903-04,11.5,1.7,6.6
1903-05,19.2,7.3,13.3
1903-06,21.7,11.4,16.6
1903-07,26.2,15.1,20.7
1903-08,22.3,13.1,17.7
1903-09,21.9,10.4,16.2
1903-10,15.3,5.6,10.5
1903-11,5.7,-2.3,1.7
1903-12,-1.3,-8.8,-5.1
1904-01,-4.2,-13.6,-8.9
1904-02,-5.3,-15.4,-10.4
1904-03,1.9,-5.6,-1.9
1904-04,8.3,-0.3,4
1904-05,18.8,7.6,13.2
1904-06,22.8,11.7,17.3
1904-07,25.3,14.1,19.7
1904-08,24.1,12.4,18.3
1904-09,19.5,10.1,14.8
1904-10,12.3,3.3,7.8
1904-11,6.2,-1.8,2.2
1904-12,-1.4,-9.4,-5.4
1905-01,-3.7,-11.9,-7.8
1905-02,-3.7,-13.4,-8.6
1905-03,3.7,-5.2,-0.8
1905-04,10.7,0.7,5.7
1905-05,17,6,11.5
1905-06,23.1,12.1,17.6
1905-07,26,15.9,21
1905-08,25.2,14.2,19.7
1905-09,21.9,11.7,16.8
1905-10,14.1,4.6,9.4
1905-11,6.4,-1,2.7
1905-12,2.6,-3.4,-0.4
1906-01,2.8,-4,-0.6
1906-02,-0.6,-10.2,-5.4
1906-03,0.7,-6.2,-2.8
1906-04,12.1,2.1,7.1
1906-05,17.8,6.9,12.4
1906-06,24,13.4,18.7
1906-07,26.6,15.7,21.2
1906-08,27.2,17,22.1
1906-09,24,12.5,18.3
1906-10,13.9,5.2,9.6
1906-11,6.4,-0.4,3
1906-12,-0.6,-9.1,-4.9
1907-01,-1.9,-9.1,-5.5
1907-02,-2.9,-12.1,-7.5
1907-03,5.2,-3.2,1
1907-04,7.7,-0.6,3.6
1907-05,14.6,3.3,9
1907-06,23.2,12.1,17.7
1907-07,27.1,14.3,20.7
1907-08,24.6,12.4,18.5
1907-09,20.8,12.2,16.5
1907-10,12,2.4,7.2
1907-11,5.9,-0.4,2.8
1907-12,1.6,-4.4,-1.4
1908-01,-0.1,-8.4,-4.3
1908-02,-2.6,-11.6,-7.1
1908-03,3.9,-4.5,-0.3
1908-04,10.1,0.9,5.5
1908-05,18.7,8.3,13.5
1908-06,25.2,12.8,19
1908-07,27.6,15.5,21.6
1908-08,25.4,13.4,19.4
1908-09,24.1,11.2,17.7
1908-10,16.3,5.3,10.8
1908-11,8.4,0.1,4.3
1908-12,1.8,-5,-1.6
1909-01,0.8,-7.1,-3.2
1909-02,0.9,-6.8,-3
1909-03,2.5,-4.7,-1.1
1909-04,9.3,0.6,5
1909-05,17.1,7.1,12.1
1909-06,24.1,13.1,18.6
1909-07,25.5,14.2,19.9
1909-08,26.2,15.1,20.7
1909-09,21.3,10.1,15.7
1909-10,13.1,2.7,7.9
1909-11,9.1,0.4,4.8
1909-12,-0.1,-6.5,-3.3
1910-01,-0.1,-7.2,-3.7
1910-02,-1.5,-10.6,-6.1
1910-03,8.6,-1.1,3.8
1910-04,12.9,3.6,8.3
1910-05,16.3,6.6,11.5
1910-06,24.1,12.3,18.2
1910-07,28.1,15.5,21.8
1910-08,25.3,14.3,19.8
1910-09,21.1,10.1,15.6
1910-10,15.6,5.8,10.7
1910-11,4.9,-0.4,2.3
1910-12,-1.9,-10.1,-6
1911-01,0.6,-7.3,-3.4
1911-02,0.2,-7.3,-3.6
1911-03,2.9,-5.1,-1.1
1911-04,11.2,1.4,6.3
1911-05,23.1,9.4,16.3
1911-06,24.2,13.2,18.7
1911-07,28.1,15.9,22
1911-08,26.4,15.1,20.8
1911-09,21.1,10.7,15.9
1911-10,14.3,5.2,9.8
1911-11,5.8,-1.4,2.2
1911-12,4.1,-1.9,1.1
1912-01,-5.9,-14.2,-10.1
1912-02,-3.3,-11.2,-7.3
1912-03,0.8,-7.8,-3.5
1912-04,10.1,0.9,5.5
1912-05,18.3,7.6,13
1912-06,22.9,10.7,16.8
1912-07,26.6,15.3,21
1912-08,22.4,13.1,17.8
1912-09,21.7,12.5,17.1
1912-10,15.3,5.4,10.4
1912-11,8.3,1.1,4.7
1912-12,3.8,-3.1,0.4
1913-01,3.3,-3.9,-0.3
1913-02,-2.2,-10.7,-6.5
1913-03,5.6,-4,0.8
1913-04,12.9,2.9,7.9
1913-05,17.9,6.8,12.4
1913-06,24.9,11.4,18.2
1913-07,27.5,15,21.3
1913-08,26.1,14.7,20.4
1913-09,20.9,9.6,15.3
1913-10,15.4,6.4,10.9
1913-11,9.3,2.1,5.7
1913-12,4.1,-2.5,0.8
1914-01,0.7,-7.9,-3.6
1914-02,-4.8,-13.4,-9.1
1914-03,3.1,-4.6,-0.8
1914-04,9.4,1.2,5.3
1914-05,21,8.6,14.8
1914-06,23.8,12.2,18
1914-07,26.9,15.8,21.4
1914-08,25.4,14.7,20.1
1914-09,21.8,10.5,16.2
1914-10,16.4,6.7,11.6
1914-11,7.4,-0.6,3.4
1914-12,-0.3,-6.6,-3.5
1915-01,-0.7,-8.6,-4.7
1915-02,-0.1,-6.4,-3.3
1915-03,3.1,-5.3,-1.1
1915-04,15.2,4.7,10
1915-05,16.5,5.9,11.2
1915-06,22.9,10.8,16.9
1915-07,25.3,15.2,20.3
1915-08,23.6,14.5,19.1
1915-09,22.8,12.1,17.5
1915-10,15.6,6.6,11.1
1915-11,8.1,1.6,4.9
1915-12,0.6,-5.4,-2.4
1916-01,2.9,-4.9,-1
1916-02,-3.3,-11.2,-7.3
1916-03,0.6,-7.9,-3.7
1916-04,11.1,2.8,7
1916-05,17.6,7.1,12.4
1916-06,20.7,10.7,15.7
1916-07,30.3,18.6,24.5
1916-08,28.9,15.6,22.3
1916-09,21.8,10.6,16.2
1916-10,15.4,4.2,9.8
1916-11,7,-0.7,3.2
1916-12,0.6,-6.2,-2.8
1917-01,-1.1,-9.3,-5.2
1917-02,-3.7,-12.8,-8.3
1917-03,3.9,-3.7,0.1
1917-04,9.3,0.8,5.1
1917-05,14.4,4.9,9.7
1917-06,21.5,10.6,16.1
1917-07,26.8,16,21.4
1917-08,25.4,14.3,19.9
1917-09,20.8,8.8,14.8
1917-10,11.3,2.7,7
1917-11,5.4,-2.7,1.4
1917-12,-3,-10.8,-6.9
1918-01,-6.4,-14.4,-10.4
1918-02,-0.7,-11.3,-6
1918-03,5.8,-4,0.9
1918-04,11.7,1.3,6.5
1918-05,20.4,7.6,14
1918-06,21.9,10.8,16.4
1918-07,27,14.8,20.9
1918-08,28,15.3,21.7
1918-09,18.7,8.5,13.6
1918-10,15.6,6,10.8
1918-11,9.2,2,5.6
1918-12,2.9,-3.6,-0.4
1919-01,2.6,-5.6,-1.5
1919-02,1.7,-5.8,-2.1
1919-03,5.6,-3.6,1
1919-04,10.5,1.3,5.9
1919-05,18.2,7.7,13
1919-06,28.6,16.3,22.5
1919-07,29.4,16.4,22.9
1919-08,25.4,14.5,20
1919-09,23.3,11.7,17.5
1919-10,16.4,7,11.7
1919-11,7.3,-0.4,3.5
1919-12,-1.1,-9.2,-5.2
1920-01,-5.9,-15.2,-10.6
1920-02,-2.2,-10.9,-6.6
1920-03,6.2,-4.2,1
1920-04,8.7,0.4,4.6
1920-05,18.5,6.4,12.5
1920-06,24.5,13.1,18.8
1920-07,24.9,13.4,19.2
1920-08,26.5,15.6,21.1
1920-09,23.8,11.6,17.7
1920-10,18,7.5,12.8
1920-11,5.6,-0.3,2.7
1920-12,2.6,-3.1,-0.3
1921-01,1.9,-6.5,-2.3
1921-02,1.9,-5.8,-2
1921-03,8.4,-1.1,3.7
1921-04,14.6,4.6,9.6
1921-05,20.1,9,14.6
1921-06,26.7,14,20.4
1921-07,31.2,19.8,25.5
1921-08,25.8,14.3,20.1
1921-09,26.1,13.7,19.9
1921-10,14.9,5.5,10.2
1921-11,5.6,-0.8,2.4
1921-12,1.9,-5.9,-2
1922-01,-1,-8.6,-4.8
1922-02,1.1,-7.2,-3.1
1922-03,5.5,-2.9,1.3
1922-04,12.8,2.2,7.5
1922-05,21.4,9.4,15.4
1922-06,25.1,13.5,19.3
1922-07,26.7,15.1,20.9
1922-08,26.7,14.4,20.6
1922-09,23.2,11.9,17.6
1922-10,14.7,5.1,9.9
1922-11,8.2,1.6,4.9
1922-12,1.7,-5.6,-2
1923-01,-1.2,-10.1,-5.7
1923-02,-2.9,-11.7,-7.3
1923-03,2,-7.4,-2.7
1923-04,10.6,1,5.8
1923-05,16.7,5.2,11
1923-06,25,13.4,19.2
1923-07,26.1,15.1,20.6
1923-08,24.7,12.9,18.8
1923-09,20.8,11.1,16
1923-10,13.9,4.8,9.4
1923-11,7.3,0.5,3.9
1923-12,5.2,-0.6,2.3
1924-01,-0.7,-8.8,-4.8
1924-02,-2.4,-10.6,-6.5
1924-03,2.9,-3.3,-0.2
1924-04,10.6,1.4,6
1924-05,14.8,5.3,10.1
1924-06,22.8,11.5,17.2
1924-07,25.4,13.8,19.6
1924-08,25.1,13.7,19.4
1924-09,18.6,9.2,13.9
1924-10,15.9,4.7,10.3
1924-11,7.9,-0.1,3.9
1924-12,-1,-7.9,-4.5
1925-01,-2.1,-10.9,-6.5
1925-02,1,-6.1,-2.6
1925-03,5.6,-2.3,1.7
1925-04,12.4,2.3,7.4
1925-05,15.9,5,10.5
1925-06,25.1,13.5,19.3
1925-07,25,14.5,19.8
1925-08,26.3,14.6,20.5
1925-09,20.6,12.4,16.5
1925-10,9.6,1.9,5.8
1925-11,6.3,0,3.2
1925-12,-0.2,-5.9,-3.1
1926-01,-0.7,-7.4,-4.1
1926-02,-2.3,-9.9,-6.1
1926-03,0.1,-6.6,-3.3
1926-04,7.4,-1.4,3
1926-05,17.2,5.9,11.6
1926-06,21.2,9.6,15.4
1926-07,25.4,14.3,19.9
1926-08,24.7,15.9,20.3
1926-09,19.4,10.7,15.1
1926-10,12.4,4.4,8.4
1926-11,6.3,-0.2,3.1
1926-12,-1.1,-7.9,-4.5
1927-01,-2.2,-9.7,-6
1927-02,0.5,-6,-2.8
1927-03,5.4,-1.8,1.8
1927-04,11.3,1.4,6.4
1927-05,15.9,7.1,11.5
1927-06,22.4,10.5,16.5
1927-07,25.7,15.2,20.5
1927-08,23.7,12.7,18.2
1927-09,22.8,12.1,17.5
1927-10,16.2,7.1,11.7
1927-11,8.7,1.3,5
1927-12,1.7,-4.8,-1.6
1928-01,-0.6,-6.9,-3.8
1928-02,-0.6,-8.1,-4.4
1928-03,3.2,-4.7,-0.8
1928-04,10,0.8,5.4
1928-05,17.8,6.8,12.3
1928-06,21.4,11.3,16.4
1928-07,26.4,15.8,21.1
1928-08,26.8,16.1,21.5
1928-09,19.2,9.3,14.3
1928-10,14.9,6,10.5
1928-11,7.4,1.2,4.3
1928-12,3.1,-2.1,0.5
1929-01,-1.4,-8.5,-5
1929-02,-2.1,-9.1,-5.6
1929-03,6.9,-1.5,2.7
1929-04,12.1,3.1,7.6
1929-05,16.8,6.6,11.7
1929-06,23.5,11.9,17.7
1929-07,26.6,14.2,20.4
1929-08,24.2,12.9,18.6
1929-09,21.7,11.9,16.8
1929-10,13.3,5.1,9.2
1929-11,6.3,0.2,3.3
1929-12,-0.6,-6.8,-3.7
1930-01,-1.7,-8.6,-5.2
1930-02,1.2,-6.9,-2.9
1930-03,2.9,-4,-0.6
1930-04,10.6,1.5,6.1
1930-05,19.6,8.7,14.2
1930-06,25,13.8,19.4
1930-07,27.2,15.1,21.2
1930-08,26.5,14.8,20.7
1930-09,22.6,12.1,17.4
1930-10,13.5,5.4,9.5
1930-11,8.2,1.7,5
1930-12,1,-4.6,-1.8
1931-01,-0.2,-7.7,-4
1931-02,0.7,-6.6,-3
1931-03,3.8,-2.2,0.8
1931-04,11.9,2.3,7.1
1931-05,18.9,7.7,13.3
1931-06,24.3,13.4,18.9
1931-07,28.1,18.1,23.1
1931-08,25.8,15.8,20.8
1931-09,24.2,13.6,18.9
1931-10,16.2,7.3,11.8
1931-11,11.1,4.3,7.7
1931-12,3.8,-2.3,0.8
1932-01,4.4,-0.7,1.9
1932-02,2.2,-4.8,-1.3
1932-03,1.6,-4.7,-1.6
1932-04,9.1,0.8,5
1932-05,17.9,7.9,12.9
1932-06,24.3,14,19.2
1932-07,24.6,15.1,19.9
1932-08,26.3,15.6,21
1932-09,21.5,11.9,16.7
1932-10,14.7,6.8,10.8
1932-11,5.6,-1.4,2.1
1932-12,2.7,-4.4,-0.9
1933-01,4.4,-2.6,0.9
1933-02,0.2,-6.7,-3.3
1933-03,2.6,-2.9,-0.2
1933-04,11.4,3.1,7.3
1933-05,19.3,9,14.2
1933-06,25.7,13.8,19.8
1933-07,28.8,16.7,22.8
1933-08,26.1,15.3,20.7
1933-09,22.1,12.1,17.1
1933-10,13,4.7,8.9
1933-11,3.9,-4.2,-0.2
1933-12,-0.3,-8.3,-4.3
1934-01,0.3,-7.2,-3.5
1934-02,-7.4,-16.7,-12.1
1934-03,1.5,-5.9,-2.2
1934-04,10,1.2,5.6
1934-05,20.8,7.8,14.3
1934-06,26.1,13.8,20
1934-07,27.6,16.4,22
1934-08,24.2,13.1,18.7
1934-09,20.9,13.5,17.2
1934-10,13.3,5.2,9.3
1934-11,8.7,2.6,5.7
1934-12,-0.1,-7.1,-3.6
1935-01,-2.1,-10.4,-6.3
1935-02,-1.8,-8.9,-5.4
1935-03,6.2,-2.3,2
1935-04,10.5,2.5,6.5
1935-05,16.2,6.1,11.2
1935-06,22.6,12.7,17.7
1935-07,28.3,18.3,23.3
1935-08,26.1,16,21.1
1935-09,19.8,9.9,14.9
1935-10,15.1,5.2,10.2
1935-11,7.2,1.6,4.4
1935-12,-2.3,-8.1,-5.2
1936-01,-2.3,-8.3,-5.3
1936-02,-4,-12.1,-8.1
1936-03,4.8,-2.1,1.4
1936-04,7.7,0.8,4.3
1936-05,21.2,8.5,14.9
1936-06,23.9,12.7,18.3
1936-07,28.9,16.8,22.9
1936-08,26.1,15,20.6
1936-09,22,12.1,17.1
1936-10,13.8,5.1,9.5
1936-11,5.2,-2.5,1.4
1936-12,3.3,-3.8,-0.3
1937-01,3,-3.9,-0.5
1937-02,1,-5.4,-2.2
1937-03,1.5,-5.3,-1.9
1937-04,9.8,2.7,6.3
1937-05,18.6,8.8,13.7
1937-06,23.6,14.1,18.9
1937-07,26.9,16.8,21.9
1937-08,27.7,17.4,22.6
1937-09,21.1,10.2,15.7
1937-10,12.2,5.1,8.7
1937-11,6.6,0.7,3.7
1937-12,0.6,-5.6,-2.5
1938-01,-1.8,-8.9,-5.4
1938-02,1.1,-6.4,-2.7
1938-03,6.7,-2.4,2.2
1938-04,12.4,3.5,8
1938-05,17.7,8.1,12.9
1938-06,24.3,13.2,18.8
1938-07,27.5,16.8,22.2
1938-08,28.2,17.3,22.8
1938-09,19.6,10.4,15
1938-10,15.8,6.6,11.2
1938-11,9.3,0.9,5.1
1938-12,2.2,-3.4,-0.6
1939-01,-0.9,-8.3,-4.6
1939-02,0.2,-8.1,-4
1939-03,1.6,-5.2,-1.8
1939-04,8.2,1.4,4.8
1939-05,19.7,9.1,14.4
1939-06,23.4,13.9,18.7
1939-07,27.6,16.7,22.2
1939-08,27.4,17.4,22.4
1939-09,21,12.1,16.6
1939-10,14.1,6.2,10.2
1939-11,6.4,-0.9,2.8
1939-12,2.3,-2.9,-0.3
1940-01,-4.2,-10.8,-7.5
1940-02,-1.1,-7.3,-4.2
1940-03,0,-6.3,-3.2
1940-04,9.6,0.9,5.3
1940-05,16.7,7.9,12.3
1940-06,22.4,12.4,17.4
1940-07,26.8,16.3,21.6
1940-08,24.9,16.2,20.6
1940-09,20.8,11.8,16.3
1940-10,13.1,4.7,8.9
1940-11,6.1,0.7,3.4
1940-12,1.8,-4.2,-1.2
1941-01,-1.9,-8.6,-5.3
1941-02,-1.3,-7.6,-4.5
1941-03,1.3,-6.6,-2.7
1941-04,15.5,5.2,10.4
1941-05,20.2,9.3,14.8
1941-06,26,14.9,20.5
1941-07,27.4,17.2,22.3
1941-08,25.3,14.9,20.1
1941-09,22.5,12.4,17.5
1941-10,14.8,7.4,11.1
1941-11,8.8,2.6,5.7
1941-12,3.1,-2.7,0.2
1942-01,-0.6,-7.3,-4
1942-02,-3.3,-9,-6.2
1942-03,4.9,-0.2,2.4
1942-04,14.5,5.3,9.9
1942-05,17.9,9.3,13.6
1942-06,23.6,14.3,19
1942-07,26.4,16.1,21.3
1942-08,25.4,16,20.7
1942-09,21.1,11.7,16.4
1942-10,14.7,6.8,10.8
1942-11,7.8,1,4.4
1942-12,-1,-6.9,-4
1943-01,-3.8,-10,-6.9
1943-02,0.3,-7.3,-3.5
1943-03,2.7,-4.8,-1.1
1943-04,7.6,0.3,4
1943-05,16.7,8.9,12.8
1943-06,26.1,15.4,20.8
1943-07,26.8,16.9,21.9
1943-08,25.4,15.6,20.5
1943-09,20.3,10.8,15.6
1943-10,13.5,5.2,9.4
1943-11,6,0.6,3.3
1943-12,0.8,-6.6,-2.9
1944-01,1.8,-4,-1.1
1944-02,-0.2,-7.2,-3.7
1944-03,1.6,-5.4,-1.9
1944-04,8.7,0.9,4.8
1944-05,20.4,10.7,15.6
1944-06,23.9,14.2,19.1
1944-07,27.4,16.6,22
1944-08,27.7,16.8,22.3
1944-09,21.2,12.4,16.8
1944-10,15,5.5,10.3
1944-11,7.2,1.7,4.5
1944-12,-0.4,-6.3,-3.4
1945-01,-5.9,-12.9,-9.4
1945-02,-0.3,-6.4,-3.4
1945-03,10.8,1.6,6.2
1945-04,13,4.3,8.7
1945-05,14.5,6.1,10.3
1945-06,22.3,12.5,17.4
1945-07,25.4,15.7,20.6
1945-08,25.8,16.1,21
1945-09,21.3,12.3,16.8
1945-10,13.6,4.8,9.2
1945-11,7.5,1.3,4.4
1945-12,-1.1,-7.3,-4.2
1946-01,0,-6.8,-3.4
1946-02,-1,-9.4,-5.2
1946-03,10.6,1.6,6.1
1946-04,12,2.2,7.1
1946-05,17.3,7.6,12.5
1946-06,23.7,12.8,18.3
1946-07,26.9,15.7,21.3
1946-08,23.8,14.2,19
1946-09,22.4,11.9,17.2
1946-10,17.3,7.3,12.3
1946-11,8.8,2.9,5.9
1946-12,1.8,-4.7,-1.5
1947-01,0.8,-6.7,-3
1947-02,-2.1,-8.6,-5.4
1947-03,2.8,-3.9,-0.6
1947-04,10.1,1.5,5.8
1947-05,16.2,6.3,11.3
1947-06,23.2,13.1,18.2
1947-07,25.7,16.4,21.1
1947-08,27.8,18.2,23
1947-09,22.4,12.6,17.5
1947-10,19.4,9.7,14.6
1947-11,6.8,0.8,3.8
1947-12,0.4,-5.7,-2.7
1948-01,-3.6,-10.9,-7.3
1948-02,-1.2,-8.7,-5
1948-03,4.4,-4.3,0.1
1948-04,12.9,4.1,8.5
1948-05,16.3,7.4,11.9
1948-06,23.8,13.7,18.8
1948-07,27.3,16.6,22
1948-08,27.2,16.2,21.7
1948-09,24.2,13.8,19
1948-10,12.6,6.2,9.4
1948-11,10,4.9,7.5
1948-12,2.6,-3.3,-0.4
1949-01,1.4,-4.6,-1.6
1949-02,2.3,-5.1,-1.4
1949-03,3.9,-3.2,0.4
1949-04,12.3,3.1,7.7
1949-05,20.5,8.8,14.7
1949-06,28.1,16.6,22.4
1949-07,28.4,18.2,23.3
1949-08,28.2,17.4,22.8
1949-09,19.8,10.4,15.1
1949-10,17.2,9,13.1
1949-11,5.9,-0.1,2.9
1949-12,3.2,-2.8,0.2
1950-01,3.8,-4,-0.1
1950-02,-1.2,-8,-4.6
1950-03,1.4,-5.8,-2.2
1950-04,8.5,0.6,4.6
1950-05,18,8.3,13.2
1950-06,23.9,12.7,18.3
1950-07,25.9,15.7,20.8
1950-08,25.3,15.4,20.4
1950-09,19.7,11.3,15.5
1950-10,16.2,8.2,12.2
1950-11,7.1,0.3,3.7
1950-12,0.9,-4.6,-1.9
1951-01,0.6,-5.7,-2.6
1951-02,0.8,-5.8,-2.5
1951-03,4.9,-1.4,1.8
1951-04,11.3,3.8,7.6
1951-05,20.1,9.5,14.8
1951-06,23.1,14.2,18.7
1951-07,26.9,16.8,21.9
1951-08,25.6,15.4,20.5
1951-09,22.1,11.3,16.7
1951-10,15.4,7.4,11.4
1951-11,4.9,-1.6,1.7
1951-12,1.8,-5.1,-1.7
1952-01,0.8,-6,-2.6
1952-02,1.1,-4.7,-1.8
1952-03,3.2,-2.9,0.2
1952-04,14.3,5.2,9.8
1952-05,17.7,7.6,12.7
1952-06,24.8,14.6,19.7
1952-07,28.7,18.2,23.5
1952-08,25.7,15.9,20.8
1952-09,23.2,12.7,18
1952-10,13,3.9,8.5
1952-11,8.6,2.7,5.7
1952-12,3.3,-1.3,1
1953-01,1.7,-4.2,-1.3
1953-02,2.3,-3.8,-0.8
1953-03,5.8,-0.8,2.5
1953-04,10.6,3.4,7
1953-05,18.1,9.5,13.8
1953-06,24.5,14.6,19.6
1953-07,27.5,17.1,22.3
1953-08,27.3,16.7,22
1953-09,22.3,12.4,17.4
1953-10,16.5,7.4,12
1953-11,9.8,3.7,6.8
1953-12,3.8,-1.7,1.1
1954-01,-2.2,-9.7,-6
1954-02,3.8,-2.9,0.5
1954-03,3.3,-3.3,0
1954-04,12.3,3.4,7.9
1954-05,17.3,7.7,12.5
1954-06,24.4,15.3,19.9
1954-07,26.9,16.1,21.5
1954-08,24.8,15.3,20.1
1954-09,20.4,12.6,16.5
1954-10,15.6,8.3,12
1954-11,8.2,2.3,5.3
1954-12,0.9,-4.4,-1.8
1955-01,-1.2,-6.5,-3.9
1955-02,0.1,-6.1,-3
1955-03,3.8,-3.4,0.2
1955-04,14.7,6.2,10.5
1955-05,20.7,10.2,15.5
1955-06,25.1,15.2,20.2
1955-07,29.9,19.3,24.6
1955-08,27.7,19.2,23.5
1955-09,21.6,12.1,16.9
1955-10,16.1,8.2,12.2
1955-11,6.4,0.9,3.7
1955-12,-0.7,-6.9,-3.8
1956-01,-1,-6.8,-3.9
1956-02,0.7,-5.1,-2.2
1956-03,2.3,-4.1,-0.9
1956-04,9.4,1.6,5.5
1956-05,15.8,6.4,11.1
1956-06,23.8,14.5,19.2
1956-07,24.9,15.9,20.4
1956-08,24.7,15.7,20.2
1956-09,19,9.8,14.4
1956-10,16.6,7.7,12.2
1956-11,8,2.4,5.2
1956-12,3.1,-3,0.1
1957-01,-3.1,-9.9,-6.5
1957-02,1.7,-4.4,-1.4
1957-03,5.3,-1,2.2
1957-04,12.7,4.5,8.6
1957-05,17.2,7.9,12.6
1957-06,24.5,15.5,20
1957-07,26.7,16.3,21.5
1957-08,25.1,15.3,20.2
1957-09,21.2,12.4,16.8
1957-10,14.3,6.4,10.4
1957-11,8.6,2.6,5.6
1957-12,4.1,-1.8,1.2
1958-01,-0.9,-6.6,-3.8
1958-02,-3.2,-9.1,-6.2
1958-03,5.4,-0.3,2.6
1958-04,13.7,4.5,9.1
1958-05,17.9,7.4,12.7
1958-06,21.7,11,16.4
1958-07,26.3,16.8,21.6
1958-08,25.9,15.6,20.8
1958-09,21.3,12.8,17.1
1958-10,14.6,7,10.8
1958-11,8.9,1.7,5.3
1958-12,-1.7,-8.6,-5.2
1959-01,-2.3,-9.3,-5.8
1959-02,-1.8,-9.6,-5.7
1959-03,2.9,-4.1,-0.6
1959-04,12.7,3.4,8.1
1959-05,19.4,9.6,14.5
1959-06,25.5,15.1,20.3
1959-07,28.1,17.6,22.9
1959-08,28.7,19.6,24.2
1959-09,23.8,14.8,19.3
1959-10,13.5,7.3,10.4
1959-11,6.1,-0.1,3
1959-12,2.1,-2.4,-0.2
1960-01,-0.8,-6.1,-3.5
1960-02,0.2,-5.9,-2.9
1960-03,-0.2,-7.3,-3.8
1960-04,11.9,4.1,8
1960-05,17.9,9.8,13.9
1960-06,23.5,13.7,18.6
1960-07,25.9,15.8,20.9
1960-08,25.9,16.2,21.1
1960-09,23,14.1,18.6
1960-10,15.2,6.7,11
1960-11,9.6,3.5,6.6
1960-12,-0.6,-7.2,-3.9
1961-01,-3.3,-9.5,-6.4
1961-02,2.3,-4.7,-1.2
1961-03,4.2,-1.9,1.2
1961-04,8.6,2.2,5.4
1961-05,17.2,7.6,12.4
1961-06,23.2,12.9,18.1
1961-07,26.6,17.1,21.9
1961-08,25.8,16.9,21.4
1961-09,25.1,15.6,20.4
1961-10,17.7,8.3,13
1961-11,8.1,1.5,4.8
1961-12,1.8,-4.2,-1.2
1962-01,-1.4,-9.4,-5.4
1962-02,-2.3,-10.1,-6.2
1962-03,4.8,-2.1,1.4
1962-04,12.6,3.2,7.9
1962-05,21.5,11.2,16.4
1962-06,24.4,14.7,19.6
1962-07,25.3,15.9,20.6
1962-08,26,16.4,21.2
1962-09,19.7,11.6,15.7
1962-10,15.1,7.7,11.4
1962-11,7.1,1.1,4.1
1962-12,0.7,-6.1,-2.7
1963-01,-3.6,-10.1,-6.9
1963-02,-3.3,-11.7,-7.5
1963-03,6.2,-2.2,2
1963-04,13.2,2.7,8
1963-05,17.7,7.5,12.6
1963-06,25.4,14.2,19.8
1963-07,27.4,17.1,22.3
1963-08,24.4,14.8,19.6
1963-09,20,10,15
1963-10,19.9,9.2,14.6
1963-11,10.2,4.4,7.3
1963-12,-1.9,-8.6,-5.3
1964-01,1.4,-5,-1.8
1964-02,0.8,-7.1,-3.2
1964-03,4.2,-2.8,0.7
1964-04,11.2,2.8,7
1964-05,20.9,10.2,15.6
1964-06,24.1,13.4,18.8
1964-07,27.6,18.3,23
1964-08,23.1,14,18.6
1964-09,21,11.6,16.3
1964-10,14.7,5.3,10
1964-11,9.1,2.4,5.8
1964-12,2,-4.1,-1.1
1965-01,-1.3,-8.8,-5.1
1965-02,-0.2,-8.2,-4.2
1965-03,2.1,-3.6,-0.8
1965-04,9.2,1.6,5.4
1965-05,20.3,10.2,15.3
1965-06,23.6,13.3,18.5
1965-07,24.4,14.7,19.6
1965-08,24.4,15.3,19.9
1965-09,20.8,12.9,16.9
1965-10,13.2,5.4,9.3
1965-11,7.6,1.3,4.5
1965-12,4.1,-1.6,1.3
1966-01,-1.8,-10,-5.9
1966-02,0.1,-6,-3
1966-03,5.8,-1.7,2.1
1966-04,10.1,2.6,6.4
1966-05,15.8,6.2,11
1966-06,25.4,14.7,20.1
1966-07,28.5,17.8,23.2
1966-08,25.6,16.3,21
1966-09,20.6,11.1,15.9
1966-10,14.3,5.5,9.9
1966-11,8.8,2.4,5.6
1966-12,1.4,-4.7,-1.7
1967-01,2.4,-4.4,-1
1967-02,-1.8,-11.4,-6.6
1967-03,3.2,-4.4,-0.6
1967-04,12,2.5,7.3
1967-05,14.3,6.1,10.2
1967-06,25.8,16,20.9
1967-07,25.1,16.6,20.9
1967-08,24.3,15.4,19.9
1967-09,21.2,10.9,16.1
1967-10,14.1,6.8,10.5
1967-11,5.5,-0.4,2.6
1967-12,3.1,-3.2,-0.1
1968-01,-2.7,-9.7,-6.2
1968-02,-1.9,-9.9,-5.9
1968-03,6.4,-2.2,2.1
1968-04,14.4,4.2,9.3
1968-05,15.2,7.8,11.5
1968-06,23,13.1,18.1
1968-07,26.7,16.3,21.5
1968-08,25.9,15.8,20.9
1968-09,22.6,14.7,18.7
1968-10,16.1,8.3,12.2
1968-11,7.1,1.5,4.3
1968-12,0.3,-6.3,-3
1969-01,-0.8,-7.3,-4.1
1969-02,0.5,-5.6,-2.6
1969-03,3.6,-3.9,-0.2
1969-04,13.1,3.7,8.4
1969-05,17.9,8.2,13.1
1969-06,22.1,12.9,17.5
1969-07,26.7,17.7,22.2
1969-08,28.2,17.8,23
1969-09,22.3,13.3,17.8
1969-10,14.2,6.9,10.6
1969-11,7.3,2.3,4.8
1969-12,-0.7,-6.1,-3.4
1970-01,-3.9,-10.8,-7.4
1970-02,-0.6,-8.4,-4.5
1970-03,3,-3.6,-0.3
1970-04,12.9,3.9,8.4
1970-05,17.9,9.2,13.6
1970-06,24.3,14.9,19.6
1970-07,26.8,18.1,22.5
1970-08,26.8,17.6,22.2
1970-09,21.6,13.7,17.7
1970-10,15.3,9.3,12.3
1970-11,8.7,3.9,6.3
1970-12,-0.3,-5.6,-3
1971-01,-3.4,-10.2,-6.8
1971-02,0,-5.6,-2.8
1971-03,2.3,-3.7,-0.7
1971-04,10.4,1.9,6.2
1971-05,18.1,8.9,13.5
1971-06,24.4,15,19.7
1971-07,25.9,16.8,21.4
1971-08,25.3,16.2,20.8
1971-09,22.8,15.5,19.2
1971-10,17.8,11.2,14.5
1971-11,7.2,1.6,4.4
1971-12,3.9,-2.3,0.8
1972-01,0.1,-7.1,-3.5
1972-02,-1.4,-8.2,-4.8
1972-03,1.3,-4.8,-1.8
1972-04,9,1.6,5.3
1972-05,19.9,10.7,15.3
1972-06,21.6,13.4,17.5
1972-07,26.6,18,22.3
1972-08,24.3,16.8,20.6
1972-09,21.4,14.4,17.9
1972-10,11.7,5.8,8.8
1972-11,5.1,1.7,3.4
1972-12,2.3,-3.7,-0.7
1973-01,0.9,-5.2,-2.2
1973-02,-1.6,-8.1,-4.9
1973-03,7.8,1.9,4.9
1973-04,11.3,4.2,7.8
1973-05,15.4,8.6,12
1973-06,23.9,16,20
1973-07,26.9,18.8,22.9
1973-08,27.7,19.7,23.7
1973-09,21.8,14,17.9
1973-10,15.9,9.5,12.7
1973-11,8.1,2.9,5.5
1973-12,0.6,-4.4,-1.9
1974-01,0.3,-6.2,-3
1974-02,-2,-8.7,-5.4
1974-03,3.6,-2.7,0.5
1974-04,12.9,4.6,8.8
1974-05,15.7,7.8,11.8
1974-06,21.9,14.4,18.2
1974-07,26.7,18,22.4
1974-08,25.9,18.3,22.1
1974-09,19.6,11.9,15.8
1974-10,12.7,5.4,9.1
1974-11,7.3,2.6,5
1974-12,3.3,-0.8,1.3
1975-01,2.1,-4,-1
1975-02,0.8,-4.3,-1.8
1975-03,2.4,-3.6,-0.6
1975-04,7.7,1,4.4
1975-05,21.4,12.6,17
1975-06,23.9,16.2,20.1
1975-07,27.8,18.8,23.3
1975-08,25.6,17.9,21.8
1975-09,18.9,11.8,15.4
1975-10,15.2,8.7,12
1975-11,11.4,5.6,8.5
1975-12,0.9,-5.4,-2.3
1976-01,-2.3,-10.5,-6.4
1976-02,3.6,-3.8,-0.1
1976-03,5.7,-1.7,2
1976-04,13.7,4.8,9.3
1976-05,16.3,8.4,12.4
1976-06,25,16.8,20.9
1976-07,24.2,16.9,20.6
1976-08,24.7,16.7,20.7
1976-09,20.6,12.4,16.5
1976-10,11.5,5.3,8.4
1976-11,5.3,-0.9,2.2
1976-12,-1.1,-8.9,-5
1977-01,-5.7,-12.4,-9.1
1977-02,-0.7,-6.9,-3.8
1977-03,7.7,0.4,4.1
1977-04,13.4,4.4,8.9
1977-05,21.7,11.2,16.5
1977-06,23.2,13.9,18.6
1977-07,26.6,18,22.3
1977-08,24.5,16.3,20.4
1977-09,20.1,14.3,17.2
1977-10,13.6,6.9,10.3
1977-11,8.3,3.4,5.9
1977-12,0.5,-4.4,-2
1978-01,-3.6,-9.8,-6.7
1978-02,-3.7,-9.9,-6.8
1978-03,1.9,-4.4,-1.3
1978-04,9.5,2.3,5.9
1978-05,18.7,10,14.4
1978-06,23.3,13.6,18.5
1978-07,25.8,17.1,21.5
1978-08,25.2,16.9,21.1
1978-09,20.4,12.5,16.5
1978-10,13.4,6.8,10.1
1978-11,7.7,1.5,4.6
1978-12,2.3,-4,-0.9
1979-01,-3.4,-8.5,-6
1979-02,-5.6,-11.9,-8.8
1979-03,6.6,-0.8,2.9
1979-04,10,3.1,6.6
1979-05,17,8.3,12.7
1979-06,22.7,13.8,18.3
1979-07,26.2,17.5,21.9
1979-08,23.7,16,19.9
1979-09,21,12.3,16.7
1979-10,12.3,6.7,9.5
1979-11,8.3,2.5,5.4
1979-12,3.2,-2.7,0.3
1980-01,-0.7,-6.4,-3.6
1980-02,-2.8,-8.5,-5.7
1980-03,2.9,-3,-0.1
1980-04,11.1,4.4,7.8
1980-05,19.9,11,15.5
1980-06,20.3,11.8,16.1
1980-07,26.1,17.6,21.9
1980-08,26.2,18.8,22.5
1980-09,20.8,12.9,16.9
1980-10,11.2,6,8.6
1980-11,5.8,1.2,3.5
1980-12,-0.9,-7.7,-4.3
1981-01,-4.9,-10.9,-7.9
1981-02,2.7,-3.4,-0.4
1981-03,5.5,-1.8,1.9
1981-04,12.3,4.3,8.3
1981-05,17.6,9,13.3
1981-06,23,14.7,18.9
1981-07,26.2,18.1,22.2
1981-08,24.4,17.2,20.8
1981-09,19.2,12.9,16.1
1981-10,11.2,5.3,8.3
1981-11,7.8,2.3,5.1
1981-12,1.1,-3.3,-1.1
1982-01,-3.8,-11.8,-7.8
1982-02,-1.8,-7.6,-4.7
1982-03,3.3,-2.9,0.2
1982-04,10.1,1.6,5.9
1982-05,19.3,11.1,15.2
1982-06,20.2,12.9,16.6
1982-07,26.6,17.8,22.2
1982-08,22.9,14.7,18.8
1982-09,19.7,12.5,16.1
1982-10,14.8,7.7,11.3
1982-11,8.1,3.1,5.6
1982-12,5.1,-0.6,2.3
1983-01,0.3,-4.8,-2.3
1983-02,1.3,-4.3,-1.5
1983-03,5,-0.7,2.2
1983-04,10.2,3.5,6.9
1983-05,15.2,7.3,11.3
1983-06,24.6,15.3,20
1983-07,27.9,18.8,23.4
1983-08,26.4,18.4,22.4
1983-09,22.6,13.8,18.2
1983-10,14.3,7.4,10.9
1983-11,7.2,1.8,4.5
1983-12,-1.6,-6.7,-4.2
1984-01,-3.5,-9.7,-6.6
1984-02,3.3,-2.3,0.5
1984-03,0.6,-5.8,-2.6
1984-04,11.5,4.9,8.2
1984-05,15.4,8,11.7
1984-06,24.2,15.2,19.7
1984-07,25.4,16.9,21.2
1984-08,26.2,18.4,22.3
1984-09,19.1,12.1,15.6
1984-10,15.1,8.9,12
1984-11,7.6,2,4.8
1984-12,4.5,-1.1,1.7
1985-01,-3.4,-9,-6.2
1985-02,-1,-5.9,-3.5
1985-03,5.5,-1.3,2.1
1985-04,12.6,4.5,8.6
1985-05,19.1,10.3,14.7
1985-06,21.5,12.6,17.1
1985-07,25.1,16.9,21
1985-08,24.3,16.7,20.5
1985-09,22.4,14.4,18.4
1985-10,14.6,8.1,11.4
1985-11,6.8,2.7,4.8
1985-12,-0.5,-5.9,-3.2
1986-01,-1,-6.8,-3.9
1986-02,-2,-6.8,-4.4
1986-03,5.7,-1.8,2
1986-04,13.1,5.4,9.3
1986-05,19.8,11.7,15.8
1986-06,22.3,13.3,17.8
1986-07,25.8,18.1,22
1986-08,23.9,16,20
1986-09,19.2,12.7,16
1986-10,13.6,7.5,10.6
1986-11,6,0.8,3.4
1986-12,2.3,-1.6,0.4
1987-01,-0.2,-4.8,-2.5
1987-02,0.1,-6.5,-3.2
1987-03,7.2,-0.1,3.6
1987-04,14.1,6.5,10.3
1987-05,20.7,10.8,15.8
1987-06,25.4,16.1,20.8
1987-07,28.1,19.3,23.7
1987-08,25.2,17,21.1
1987-09,20.3,13.7,17
1987-10,12.1,5.4,8.8
1987-11,7.9,2.1,5
1987-12,3.6,-1.2,1.2
1988-01,0.4,-6.5,-3.1
1988-02,-0.8,-7.4,-4.1
1988-03,4.7,-2.9,0.9
1988-04,10.6,3.9,7.3
1988-05,19.7,10.7,15.2
1988-06,25.1,14.3,19.7
1988-07,29.2,19.2,24.2
1988-08,26.9,18.5,22.7
1988-09,20.5,12.7,16.6
1988-10,11.5,5.8,8.7
1988-11,8.3,3.7,6
1988-12,2,-3.9,-1
1989-01,3.3,-4,-0.4
1989-02,-1.8,-7.2,-4.5
1989-03,2.3,-3.8,-0.8
1989-04,9.6,2.8,6.2
1989-05,18.4,9.9,14.2
1989-06,23.3,15.5,19.4
1989-07,27.2,18.9,23.1
1989-08,25.1,17.3,21.2
1989-09,20.8,13.5,17.2
1989-10,14.7,7.5,11.1
1989-11,6.7,0.6,3.7
1989-12,-4.6,-10.9,-7.8
1990-01,3.1,-2.1,0.5
1990-02,1.1,-5.1,-2
1990-03,5.2,-1.2,2
1990-04,13.4,5.6,9.5
1990-05,16.8,8.6,12.7
1990-06,23.8,14.7,19.3
1990-07,26.3,17.9,22.1
1990-08,25.5,17.6,21.6
1990-09,20.3,13.4,16.9
1990-10,14,7.4,10.7
1990-11,9.3,2.7,6
1990-12,3.8,-2.3,0.7
1991-01,-1,-6.8,-3.9
1991-02,2.6,-4.1,-0.7
1991-03,5.8,-0.6,2.6
1991-04,12.8,5.8,9.3
1991-05,21.6,12.5,17.1
1991-06,25.8,16.8,21.3
1991-07,27.3,18.3,22.8
1991-08,26.6,18.4,22.5
1991-09,21,13.1,17.1
1991-10,14.9,8.3,11.6
1991-11,6.9,1.6,4.2
1991-12,2.5,-3.5,-0.5
1992-01,0.4,-5.7,-2.7
1992-02,1.1,-5.2,-2
1992-03,3.4,-3.3,0
1992-04,9.7,3.4,6.6
1992-05,18.2,9.5,13.9
1992-06,22,12.9,17.5
1992-07,22.6,15.4,19
1992-08,23.1,15,19.1
1992-09,19.9,12.7,16.4
1992-10,12.6,5.6,9.1
1992-11,6.6,2.3,4.4
1992-12,2.6,-1.8,0.4
1993-01,0.6,-5,-2.2
1993-02,-2.9,-9.4,-6.2
1993-03,2.8,-2.9,0
1993-04,11.2,4.4,7.8
1993-05,18.2,9.1,13.7
1993-06,22.6,14,18.3
1993-07,27.1,18.4,22.8
1993-08,26.6,18.3,22.5
1993-09,18.7,11.6,15.2
1993-10,12.8,6.1,9.5
1993-11,7.1,1.9,4.5
1993-12,1.7,-2.9,-0.6
1994-01,-6.5,-13.5,-10
1994-02,-2.8,-9.2,-6
1994-03,4.1,-2.2,0.9
1994-04,12.5,3.9,8.2
1994-05,17,8.5,12.8
1994-06,24.5,15.3,19.9
1994-07,26.9,18.3,22.6
1994-08,24.1,16.4,20.3
1994-09,21.3,13.5,17.4
1994-10,15,7.9,11.5
1994-11,9.8,4.2,7.1
1994-12,4.2,-1,1.6
1995-01,1.2,-3.7,-1.3
1995-02,-2,-8.7,-5.4
1995-03,7,-0.2,3.4
1995-04,8.6,2.1,5.4
1995-05,18.3,10.1,14.2
1995-06,25,16.6,20.8
1995-07,27,18.6,22.8
1995-08,26.8,19.4,23.1
1995-09,20,11.7,15.9
1995-10,15.2,9.3,12.3
1995-11,4.9,0.1,2.5
1995-12,-0.8,-5.9,-3.3
1996-01,-1.3,-8.1,-4.7
1996-02,-0.7,-6.9,-3.8
1996-03,2.4,-4.2,-0.9
1996-04,9.1,2.2,5.7
1996-05,16.8,8.7,12.8
1996-06,23.3,15.2,19.3
1996-07,25.1,16.6,20.9
1996-08,26.2,18.1,22.1
1996-09,21.2,14.4,17.8
1996-10,13.5,7.7,10.6
1996-11,4.8,-0.2,2.4
1996-12,3.3,-1,1.2
1997-01,-0.7,-8.4,-4.6
1997-02,2.6,-4.6,-1
1997-03,3.5,-2.4,0.6
1997-04,11.1,3,7.1
1997-05,14.9,6.9,10.9
1997-06,25.2,15.9,20.6
1997-07,25.9,17.2,21.6
1997-08,24.1,16.2,20.2
1997-09,20.5,13.2,16.9
1997-10,14.2,7.4,10.8
1997-11,6.3,1.5,3.9
1997-12,3,-1.3,0.8
1998-01,1.9,-3.3,-0.7
1998-02,3.6,-0.9,1.4
1998-03,6.6,0.3,3.5
1998-04,13.8,5.8,9.8
1998-05,22.3,13.6,18
1998-06,24.2,15.1,19.6
1998-07,26.6,18,22.3
1998-08,26.8,18.4,22.7
1998-09,23.9,14.9,19.4
1998-10,15.7,8.6,12.2
1998-11,8.8,3.7,6.3
1998-12,5.5,-0.8,2.3
1999-01,-1.4,-7.4,-4.4
1999-02,2.8,-3,-0.1
1999-03,4.9,-1.6,1.7
1999-04,12.5,5.3,8.9
1999-05,20.7,12,16.4
1999-06,25.2,16.9,21.1
1999-07,29.6,19.8,24.7
1999-08,24.9,16.8,20.9
1999-09,23,15.1,19.1
1999-10,14.1,7.4,10.8
1999-11,9.5,4.1,6.8
1999-12,3.6,-1.6,1
2000-01,-0.5,-7.5,-4
2000-02,2.1,-3.8,-0.8
2000-03,8.8,2,5.4
2000-04,10.9,4.1,7.5
2000-05,19.3,11,15.2
2000-06,23.3,14.1,18.7
2000-07,24.6,17.1,20.9
2000-08,25.3,17.3,21.3
2000-09,20.8,13,16.9
2000-10,15.6,8.3,12
2000-11,7.3,2.8,5.1
2000-12,-2.1,-7.7,-4.9
2001-01,0.3,-4.7,-2.2
2001-02,1.2,-4.5,-1.7
2001-03,3.7,-1.7,1
2001-04,13.3,5,9.1
2001-05,19.5,10.9,15.2
2001-06,24.9,15.8,20.4
2001-07,25.7,17.1,21.4
2001-08,28.4,19.2,23.9
2001-09,21.8,13.4,17.6
2001-10,14.7,8.2,11.5
2001-11,11,5.3,8.2
2001-12,5.5,0.8,3.2
2002-01,3.2,-1.4,0.9
2002-02,3.3,-3.6,-0.2
2002-03,5.3,-1.9,1.7
2002-04,11.8,4.8,8.3
2002-05,16.7,7.6,12.2
2002-06,24.3,15.1,19.7
2002-07,29.4,19.6,24.5
2002-08,27.5,18.4,22.9
2002-09,25.5,16.2,20.8
2002-10,13.2,7.3,10.3
2002-11,6.9,1.7,4.3
2002-12,1.9,-3.1,-0.6
2003-01,-3.2,-9.1,-6.1
2003-02,-2,-8.2,-5.1
2003-03,4.4,-2.5,0.9
2003-04,10,2.3,6.2
2003-05,16.6,9.4,13.1
2003-06,23.2,14.2,18.7
